id,slug,category_code,category,career,what_is_it,who_is_it_for,path_after_10th,which_stream,entrance_exams,courses,subjects_you_study,skills_required,specializations,jobs_available,higher_studies,career_growth,work_environment,duration,approx_cost_range_inr,scholarship_possibilities,government_private_opportunities,advantages,challenges,simple_explanation_for_student,mvp_status,last_reviewed
1,mpc-engineering,A,Science / Academic,MPC Engineering,MPC Engineering is a structured career/education pathway that can lead from Class 10 to a job or higher study.,Students who are interested in this subject and are ready to build the required academic and practical skills.,"10th → Depends on the exact qualification; check current eligibility before admission. → JEE Main/State CET/CUET/NEET/NATA or institute admission depending on the programme. → Relevant certificate, diploma or degree programme. → entry-level role → higher growth",Depends on the exact qualification; check current eligibility before admission.,JEE Main/State CET/CUET/NEET/NATA or institute admission depending on the programme.,"Relevant certificate, diploma or degree programme.",Core theory plus practical/project work related to the field.,"Communication, problem-solving, digital literacy, teamwork and field-specific skills.",Specializations depend on the chosen institution and programme.,"Entry-level roles related to the qualification, with experience-based progression.","Advanced diploma, degree, PG study or professional certification as applicable.",Entry-level → Junior/Associate → Senior Professional → Lead/Manager/Specialist → Director/Expert or Entrepreneur.,Office/campus/lab/site/field/studio/service/workshop or mixed settings depending on the role.,Usually 3–4 years after Class 12; professional programmes may be longer,"Public institutions can be roughly ₹30,000–₹2,00,000 total; private institutions may range from ₹2,00,000–₹15,00,000+ depending on programme and college.","National Scholarship Portal (NSP), state scholarships, institution merit/need aid and eligible category-specific schemes; eligibility must be checked for the exact course and institute.","Government departments, PSUs/research/education where eligible + private companies/startups/independent practice depending on qualification.","Clear qualification pathway, multiple specialization choices and opportunities to build experience or move into leadership/entrepreneurship.","Admission competition, changing skill requirements and the need to choose a recognized course/institute carefully.",This is a step-by-step route to build skills and qualifications for MPC Engineering.,"MVP seed — verify exact eligibility, fees, exam rules and local admissions before public launch.",2026-09-26
2,computer-science-engineering,A,Science / Academic,Computer Science Engineering,"Computer Science Engineering focuses on using computing, digital systems or data to build and improve technology solutions.","Students who enjoy computers, logic, problem-solving, mathematics and learning new technology.","10th → MPC/Science is the strongest route for engineering; other computing degrees may accept different streams. → JEE Main/State CET/CUET/NEET/NATA or institute admission depending on the programme. → Relevant degree/diploma/certificate in computing, IT, software, AI, data or cybersecurity. → entry-level role → higher growth",MPC/Science is the strongest route for engineering; other computing degrees may accept different streams.,JEE Main/State CET/CUET/NEET/NATA or institute admission depending on the programme.,"Relevant degree/diploma/certificate in computing, IT, software, AI, data or cybersecurity.","Programming, databases, algorithms, computer systems, networking, mathematics/statistics and project work.","Logical thinking, coding or digital tools, problem-solving, communication and continuous learning.","AI/ML, cloud, cybersecurity, data, web/mobile, DevOps, automation or product technology.","Developer, IT Engineer, Data/AI role, Cloud/Support Engineer, Security Analyst or digital specialist.","M.Tech/M.S./MCA/MBA, advanced certifications, specialization or research.",Entry-level → Junior/Associate → Senior Professional → Lead/Manager/Specialist → Director/Expert or Entrepreneur.,Office/campus/lab/site/field/studio/service/workshop or mixed settings depending on the role.,Usually 3–4 years after Class 12; professional programmes may be longer,"Public institutions can be roughly ₹30,000–₹2,00,000 total; private institutions may range from ₹2,00,000–₹15,00,000+ depending on programme and college.","National Scholarship Portal (NSP), state scholarships, institution merit/need aid and eligible category-specific schemes; eligibility must be checked for the exact course and institute.","Government departments, PSUs/research/education where eligible + private companies/startups/independent practice depending on qualification.","Clear qualification pathway, multiple specialization choices and opportunities to build experience or move into leadership/entrepreneurship.","Admission competition, changing skill requirements and the need to choose a recognized course/institute carefully.","If you like technology and want to solve real problems using digital tools, Computer Science Engineering can be a good path.","MVP seed — verify exact eligibility, fees, exam rules and local admissions before public launch.",2026-09-26
3,information-technology,A,Science / Academic,Information Technology,"Information Technology focuses on using computing, digital systems or data to build and improve technology solutions.","Students who enjoy computers, logic, problem-solving, mathematics and learning new technology.","10th → MPC/Science is the strongest route for engineering; other computing degrees may accept different streams. → JEE Main/State CET/CUET/NEET/NATA or institute admission depending on the programme. → Relevant degree/diploma/certificate in computing, IT, software, AI, data or cybersecurity. → entry-level role → higher growth",MPC/Science is the strongest route for engineering; other computing degrees may accept different streams.,JEE Main/State CET/CUET/NEET/NATA or institute admission depending on the programme.,"Relevant degree/diploma/certificate in computing, IT, software, AI, data or cybersecurity.","Programming, databases, algorithms, computer systems, networking, mathematics/statistics and project work.","Logical thinking, coding or digital tools, problem-solving, communication and continuous learning.","AI/ML, cloud, cybersecurity, data, web/mobile, DevOps, automation or product technology.","Developer, IT Engineer, Data/AI role, Cloud/Support Engineer, Security Analyst or digital specialist.","M.Tech/M.S./MCA/MBA, advanced certifications, specialization or research.",Entry-level → Junior/Associate → Senior Professional → Lead/Manager/Specialist → Director/Expert or Entrepreneur.,Office/campus/lab/site/field/studio/service/workshop or mixed settings depending on the role.,Usually 3–4 years after Class 12; professional programmes may be longer,"Public institutions can be roughly ₹30,000–₹2,00,000 total; private institutions may range from ₹2,00,000–₹15,00,000+ depending on programme and college.","National Scholarship Portal (NSP), state scholarships, institution merit/need aid and eligible category-specific schemes; eligibility must be checked for the exact course and institute.","Government departments, PSUs/research/education where eligible + private companies/startups/independent practice depending on qualification.","Clear qualification pathway, multiple specialization choices and opportunities to build experience or move into leadership/entrepreneurship.","Admission competition, changing skill requirements and the need to choose a recognized course/institute carefully.","If you like technology and want to solve real problems using digital tools, Information Technology can be a good path.","MVP seed — verify exact eligibility, fees, exam rules and local admissions before public launch.",2026-09-26
4,electronics-communication-engineering,A,Science / Academic,Electronics & Communication Engineering,"Electronics & Communication Engineering deals with electrical/electronic systems, devices, controls, communication or automation.","Students who like gadgets, electricity, circuits, physics and hands-on troubleshooting.","10th → MPC/Science for degree engineering; Class 10 can lead to relevant ITI/diploma routes. → JEE Main/State CET/CUET/NEET/NATA or institute admission depending on the programme. → B.Tech/B.E., diploma, ITI or skill certification depending on the pathway. → entry-level role → higher growth",MPC/Science for degree engineering; Class 10 can lead to relevant ITI/diploma routes.,JEE Main/State CET/CUET/NEET/NATA or institute admission depending on the programme.,"B.Tech/B.E., diploma, ITI or skill certification depending on the pathway.","Circuits, electronics, electrical machines, measurements, control, microcontrollers and safety.","Technical reasoning, measurement, debugging, safety, documentation and problem-solving.","Embedded systems, VLSI, IoT, automation, power, telecom or control systems.","Electronics/Electrical Technician or Engineer, Maintenance/Controls Engineer, Embedded Technician.","B.Tech lateral entry where eligible, M.Tech/M.S. or advanced technical certifications.",Entry-level → Junior/Associate → Senior Professional → Lead/Manager/Specialist → Director/Expert or Entrepreneur.,Office/campus/lab/site/field/studio/service/workshop or mixed settings depending on the role.,Usually 3–4 years after Class 12; professional programmes may be longer,"Public institutions can be roughly ₹30,000–₹2,00,000 total; private institutions may range from ₹2,00,000–₹15,00,000+ depending on programme and college.","National Scholarship Portal (NSP), state scholarships, institution merit/need aid and eligible category-specific schemes; eligibility must be checked for the exact course and institute.","Government departments, PSUs/research/education where eligible + private companies/startups/independent practice depending on qualification.","Clear qualification pathway, multiple specialization choices and opportunities to build experience or move into leadership/entrepreneurship.","Admission competition, changing skill requirements and the need to choose a recognized course/institute carefully.","This path teaches you how electrical and electronic systems work and how to install, test or improve them.","MVP seed — verify exact eligibility, fees, exam rules and local admissions before public launch.",2026-09-26
5,electrical-engineering,A,Science / Academic,Electrical Engineering,"Electrical Engineering deals with electrical/electronic systems, devices, controls, communication or automation.","Students who like gadgets, electricity, circuits, physics and hands-on troubleshooting.","10th → MPC/Science for degree engineering; Class 10 can lead to relevant ITI/diploma routes. → JEE Main/State CET/CUET/NEET/NATA or institute admission depending on the programme. → B.Tech/B.E., diploma, ITI or skill certification depending on the pathway. → entry-level role → higher growth",MPC/Science for degree engineering; Class 10 can lead to relevant ITI/diploma routes.,JEE Main/State CET/CUET/NEET/NATA or institute admission depending on the programme.,"B.Tech/B.E., diploma, ITI or skill certification depending on the pathway.","Circuits, electronics, electrical machines, measurements, control, microcontrollers and safety.","Technical reasoning, measurement, debugging, safety, documentation and problem-solving.","Embedded systems, VLSI, IoT, automation, power, telecom or control systems.","Electronics/Electrical Technician or Engineer, Maintenance/Controls Engineer, Embedded Technician.","B.Tech lateral entry where eligible, M.Tech/M.S. or advanced technical certifications.",Entry-level → Junior/Associate → Senior Professional → Lead/Manager/Specialist → Director/Expert or Entrepreneur.,Office/campus/lab/site/field/studio/service/workshop or mixed settings depending on the role.,Usually 3–4 years after Class 12; professional programmes may be longer,"Public institutions can be roughly ₹30,000–₹2,00,000 total; private institutions may range from ₹2,00,000–₹15,00,000+ depending on programme and college.","National Scholarship Portal (NSP), state scholarships, institution merit/need aid and eligible category-specific schemes; eligibility must be checked for the exact course and institute.","Government departments, PSUs/research/education where eligible + private companies/startups/independent practice depending on qualification.","Clear qualification pathway, multiple specialization choices and opportunities to build experience or move into leadership/entrepreneurship.","Admission competition, changing skill requirements and the need to choose a recognized course/institute carefully.","This path teaches you how electrical and electronic systems work and how to install, test or improve them.","MVP seed — verify exact eligibility, fees, exam rules and local admissions before public launch.",2026-09-26
6,mechanical-engineering,A,Science / Academic,Mechanical Engineering,"Mechanical Engineering focuses on machines, manufacturing, maintenance, vehicles or mechanical production.","Students who like machines, tools, physics, practical work and fixing or building things.","10th → MPC/Science for degree engineering; Class 10 is sufficient for many ITI trades. → JEE Main/State CET/CUET/NEET/NATA or institute admission depending on the programme. → B.Tech/B.E., diploma, ITI trade or skill certification depending on the route. → entry-level role → higher growth",MPC/Science for degree engineering; Class 10 is sufficient for many ITI trades.,JEE Main/State CET/CUET/NEET/NATA or institute admission depending on the programme.,"B.Tech/B.E., diploma, ITI trade or skill certification depending on the route.","Engineering mechanics, materials, manufacturing, CAD/CAM, machine tools, maintenance and safety.","Mechanical reasoning, measurements, tool handling, CAD/technical drawing and troubleshooting.","Automotive, manufacturing, CNC, robotics, design, maintenance, HVAC or production.","Mechanical/production technician, design or maintenance engineer, CNC operator/programmer, service technician.","Diploma-to-degree, B.Tech lateral entry where eligible, M.Tech or advanced trade certifications.",Entry-level → Junior/Associate → Senior Professional → Lead/Manager/Specialist → Director/Expert or Entrepreneur.,Office/campus/lab/site/field/studio/service/workshop or mixed settings depending on the role.,Usually 3–4 years after Class 12; professional programmes may be longer,"Public institutions can be roughly ₹30,000–₹2,00,000 total; private institutions may range from ₹2,00,000–₹15,00,000+ depending on programme and college.","National Scholarship Portal (NSP), state scholarships, institution merit/need aid and eligible category-specific schemes; eligibility must be checked for the exact course and institute.","Government departments, PSUs/research/education where eligible + private companies/startups/independent practice depending on qualification.","Clear qualification pathway, multiple specialization choices and opportunities to build experience or move into leadership/entrepreneurship.","Admission competition, changing skill requirements and the need to choose a recognized course/institute carefully.","You learn how machines and mechanical systems are made, operated, repaired or improved in Mechanical Engineering.","MVP seed — verify exact eligibility, fees, exam rules and local admissions before public launch.",2026-09-26
7,civil-engineering,A,Science / Academic,Civil Engineering,"Civil Engineering is related to planning, designing, constructing or maintaining buildings and physical spaces.","Students who enjoy drawing, construction, maths, design, planning and real-world projects.",10th → Science/Mathematics is common for engineering and architecture; diploma/ITI routes may start after Class 10. → JEE Main/State CET/CUET/NEET/NATA or institute admission depending on the programme. → B.Tech/B.Arch/diploma/ITI or related design and construction qualifications. → entry-level role → higher growth,Science/Mathematics is common for engineering and architecture; diploma/ITI routes may start after Class 10.,JEE Main/State CET/CUET/NEET/NATA or institute admission depending on the programme.,B.Tech/B.Arch/diploma/ITI or related design and construction qualifications.,"Maths, drawing/CAD, structures, surveying, construction methods, materials and safety.","Spatial thinking, technical drawing, planning, measurements, teamwork and site awareness.","Structures, construction management, BIM/CAD, urban planning, interiors or sustainable design.","Site/Design Engineer, CAD/BIM Technician, Architectural Assistant, Survey/Construction professional.","M.Tech/M.Arch/M.Plan/MBA, advanced CAD/BIM certifications or professional registration where applicable.",Entry-level → Junior/Associate → Senior Professional → Lead/Manager/Specialist → Director/Expert or Entrepreneur.,Office/campus/lab/site/field/studio/service/workshop or mixed settings depending on the role.,Usually 3–4 years after Class 12; professional programmes may be longer,"Public institutions can be roughly ₹30,000–₹2,00,000 total; private institutions may range from ₹2,00,000–₹15,00,000+ depending on programme and college.","National Scholarship Portal (NSP), state scholarships, institution merit/need aid and eligible category-specific schemes; eligibility must be checked for the exact course and institute.","Government departments, PSUs/research/education where eligible + private companies/startups/independent practice depending on qualification.","Clear qualification pathway, multiple specialization choices and opportunities to build experience or move into leadership/entrepreneurship.","Admission competition, changing skill requirements and the need to choose a recognized course/institute carefully.","If you like buildings, design and seeing projects become real, Civil Engineering can be a practical career direction.","MVP seed — verify exact eligibility, fees, exam rules and local admissions before public launch.",2026-09-26
8,data-science-ai,A,Science / Academic,Data Science / AI,"Data Science / AI focuses on using computing, digital systems or data to build and improve technology solutions.","Students who enjoy computers, logic, problem-solving, mathematics and learning new technology.","10th → MPC/Science is the strongest route for engineering; other computing degrees may accept different streams. → JEE Main/State CET/CUET/NEET/NATA or institute admission depending on the programme. → Relevant degree/diploma/certificate in computing, IT, software, AI, data or cybersecurity. → entry-level role → higher growth",MPC/Science is the strongest route for engineering; other computing degrees may accept different streams.,JEE Main/State CET/CUET/NEET/NATA or institute admission depending on the programme.,"Relevant degree/diploma/certificate in computing, IT, software, AI, data or cybersecurity.","Programming, databases, algorithms, computer systems, networking, mathematics/statistics and project work.","Logical thinking, coding or digital tools, problem-solving, communication and continuous learning.","AI/ML, cloud, cybersecurity, data, web/mobile, DevOps, automation or product technology.","Developer, IT Engineer, Data/AI role, Cloud/Support Engineer, Security Analyst or digital specialist.","M.Tech/M.S./MCA/MBA, advanced certifications, specialization or research.",Entry-level → Junior/Associate → Senior Professional → Lead/Manager/Specialist → Director/Expert or Entrepreneur.,Office/campus/lab/site/field/studio/service/workshop or mixed settings depending on the role.,Usually 3–4 years after Class 12; professional programmes may be longer,"Public institutions can be roughly ₹30,000–₹2,00,000 total; private institutions may range from ₹2,00,000–₹15,00,000+ depending on programme and college.","National Scholarship Portal (NSP), state scholarships, institution merit/need aid and eligible category-specific schemes; eligibility must be checked for the exact course and institute.","Government departments, PSUs/research/education where eligible + private companies/startups/independent practice depending on qualification.","Clear qualification pathway, multiple specialization choices and opportunities to build experience or move into leadership/entrepreneurship.","Admission competition, changing skill requirements and the need to choose a recognized course/institute carefully.","If you like technology and want to solve real problems using digital tools, Data Science / AI can be a good path.","MVP seed — verify exact eligibility, fees, exam rules and local admissions before public launch.",2026-09-26
9,statistics,A,Science / Academic,Statistics,Statistics is a structured career/education pathway that can lead from Class 10 to a job or higher study.,Students who are interested in this subject and are ready to build the required academic and practical skills.,"10th → Depends on the exact qualification; check current eligibility before admission. → JEE Main/State CET/CUET/NEET/NATA or institute admission depending on the programme. → Relevant certificate, diploma or degree programme. → entry-level role → higher growth",Depends on the exact qualification; check current eligibility before admission.,JEE Main/State CET/CUET/NEET/NATA or institute admission depending on the programme.,"Relevant certificate, diploma or degree programme.",Core theory plus practical/project work related to the field.,"Communication, problem-solving, digital literacy, teamwork and field-specific skills.",Specializations depend on the chosen institution and programme.,"Entry-level roles related to the qualification, with experience-based progression.","Advanced diploma, degree, PG study or professional certification as applicable.",Entry-level → Junior/Associate → Senior Professional → Lead/Manager/Specialist → Director/Expert or Entrepreneur.,Office/campus/lab/site/field/studio/service/workshop or mixed settings depending on the role.,Usually 3–4 years after Class 12; professional programmes may be longer,"Public institutions can be roughly ₹30,000–₹2,00,000 total; private institutions may range from ₹2,00,000–₹15,00,000+ depending on programme and college.","National Scholarship Portal (NSP), state scholarships, institution merit/need aid and eligible category-specific schemes; eligibility must be checked for the exact course and institute.","Government departments, PSUs/research/education where eligible + private companies/startups/independent practice depending on qualification.","Clear qualification pathway, multiple specialization choices and opportunities to build experience or move into leadership/entrepreneurship.","Admission competition, changing skill requirements and the need to choose a recognized course/institute carefully.",This is a step-by-step route to build skills and qualifications for Statistics.,"MVP seed — verify exact eligibility, fees, exam rules and local admissions before public launch.",2026-09-26
10,architecture,A,Science / Academic,Architecture,"Architecture is related to planning, designing, constructing or maintaining buildings and physical spaces.","Students who enjoy drawing, construction, maths, design, planning and real-world projects.",10th → Science/Mathematics is common for engineering and architecture; diploma/ITI routes may start after Class 10. → NATA and/or JEE Main Paper 2A where applicable. → B.Tech/B.Arch/diploma/ITI or related design and construction qualifications. → entry-level role → higher growth,Science/Mathematics is common for engineering and architecture; diploma/ITI routes may start after Class 10.,NATA and/or JEE Main Paper 2A where applicable.,B.Tech/B.Arch/diploma/ITI or related design and construction qualifications.,"Maths, drawing/CAD, structures, surveying, construction methods, materials and safety.","Spatial thinking, technical drawing, planning, measurements, teamwork and site awareness.","Structures, construction management, BIM/CAD, urban planning, interiors or sustainable design.","Site/Design Engineer, CAD/BIM Technician, Architectural Assistant, Survey/Construction professional.","M.Tech/M.Arch/M.Plan/MBA, advanced CAD/BIM certifications or professional registration where applicable.",Entry-level → Junior/Associate → Senior Professional → Lead/Manager/Specialist → Director/Expert or Entrepreneur.,Office/campus/lab/site/field/studio/service/workshop or mixed settings depending on the role.,5 years after Class 12,"Public institutions can be roughly ₹30,000–₹2,00,000 total; private institutions may range from ₹2,00,000–₹15,00,000+ depending on programme and college.","National Scholarship Portal (NSP), state scholarships, institution merit/need aid and eligible category-specific schemes; eligibility must be checked for the exact course and institute.","Government departments, PSUs/research/education where eligible + private companies/startups/independent practice depending on qualification.","Clear qualification pathway, multiple specialization choices and opportunities to build experience or move into leadership/entrepreneurship.","Admission competition, changing skill requirements and the need to choose a recognized course/institute carefully.","If you like buildings, design and seeing projects become real, Architecture can be a practical career direction.","MVP seed — verify exact eligibility, fees, exam rules and local admissions before public launch.",2026-09-26
11,artificial-intelligence,A,Science / Academic,Artificial Intelligence,Artificial Intelligence is a structured career/education pathway that can lead from Class 10 to a job or higher study.,Students who are interested in this subject and are ready to build the required academic and practical skills.,"10th → Depends on the exact qualification; check current eligibility before admission. → JEE Main/State CET/CUET/NEET/NATA or institute admission depending on the programme. → Relevant certificate, diploma or degree programme. → entry-level role → higher growth",Depends on the exact qualification; check current eligibility before admission.,JEE Main/State CET/CUET/NEET/NATA or institute admission depending on the programme.,"Relevant certificate, diploma or degree programme.",Core theory plus practical/project work related to the field.,"Communication, problem-solving, digital literacy, teamwork and field-specific skills.",Specializations depend on the chosen institution and programme.,"Entry-level roles related to the qualification, with experience-based progression.","Advanced diploma, degree, PG study or professional certification as applicable.",Entry-level → Junior/Associate → Senior Professional → Lead/Manager/Specialist → Director/Expert or Entrepreneur.,Office/campus/lab/site/field/studio/service/workshop or mixed settings depending on the role.,Usually 3–4 years after Class 12; professional programmes may be longer,"Public institutions can be roughly ₹30,000–₹2,00,000 total; private institutions may range from ₹2,00,000–₹15,00,000+ depending on programme and college.","National Scholarship Portal (NSP), state scholarships, institution merit/need aid and eligible category-specific schemes; eligibility must be checked for the exact course and institute.","Government departments, PSUs/research/education where eligible + private companies/startups/independent practice depending on qualification.","Clear qualification pathway, multiple specialization choices and opportunities to build experience or move into leadership/entrepreneurship.","Admission competition, changing skill requirements and the need to choose a recognized course/institute carefully.",This is a step-by-step route to build skills and qualifications for Artificial Intelligence.,"MVP seed — verify exact eligibility, fees, exam rules and local admissions before public launch.",2026-09-26
12,mbbs-doctor,A,Science / Academic,MBBS (Doctor),"MBBS (Doctor) prepares students for a healthcare, clinical, diagnostic or allied-health role.","Students interested in biology, health, helping people and careful practical work.",10th → 11th–12th PCB/PCMB → NEET-UG → MBBS → internship/registration → doctor,PCB/PCMB,NEET-UG,MBBS,"Anatomy, physiology, biochemistry, pathology, pharmacology, microbiology, medicine, surgery and clinical subjects","Empathy, observation, communication, decision-making, discipline and strong science foundation","Medicine, surgery, paediatrics, radiology, dermatology, psychiatry and many other postgraduate specialties","Medical Officer, Resident Doctor, General Physician after required training/registration","MD/MS/DNB, diploma/specialty training, public health or healthcare management",Medical student → Intern → Resident/Junior Doctor → Specialist → Senior Consultant/Medical Leader,"Hospitals, clinics, emergency departments, labs and community-health settings; shift work may occur",5.5 years including internship after Class 12,Very wide range: government medical colleges can be comparatively low; private medical education can be many lakhs to much higher. Show the exact college fee separately.,"National Scholarship Portal (NSP), state scholarships, institution merit/need aid and eligible category-specific schemes; eligibility must be checked for the exact course and institute.","Government departments, PSUs/research/education where eligible + private companies/startups/independent practice depending on qualification.","High social impact, many specialties and strong long-term professional pathways","Long training period, competitive entrance, demanding study and high responsibility","If you want to diagnose illness, treat patients and work as a doctor, MBBS is the main undergraduate medical pathway in India.","MVP seed — verify exact eligibility, fees, exam rules and local admissions before public launch.",2026-09-26
13,bds-dentist,A,Science / Academic,BDS (Dentist),"BDS (Dentist) prepares students for a healthcare, clinical, diagnostic or allied-health role.","Students interested in biology, health, helping people and careful practical work.",10th → 11th–12th PCB/PCMB → NEET-UG → BDS → internship/registration → dentist,PCB/PCMB,NEET-UG,BDS,"Dental anatomy, physiology, pathology, pharmacology, oral medicine, oral surgery, prosthodontics and clinical dentistry","Fine motor control, patient communication, accuracy, hygiene and clinical decision-making","Orthodontics, oral surgery, prosthodontics, periodontics, paediatric dentistry and public health dentistry","Dentist, Dental Officer, Clinical Associate or private-practice dentist after required registration","MDS, public health, healthcare management or advanced clinical certifications",Dental Student → Intern → Dentist → Specialist/Practice Owner → Senior Consultant/Clinic Director,"Dental clinics, hospitals, teaching institutions and private practices",5 years including internship after Class 12,"Government institutions are usually lower-cost; private institutions can range from roughly ₹1,00,000 to ₹10,00,000+ total depending on programme and college.","National Scholarship Portal (NSP), state scholarships, institution merit/need aid and eligible category-specific schemes; eligibility must be checked for the exact course and institute.","Government departments, PSUs/research/education where eligible + private companies/startups/independent practice depending on qualification.",Specialized healthcare profession and potential for independent practice,"Competitive admission, clinical responsibility and need to build patient trust/practice","Dentists diagnose and treat problems related to teeth, gums and oral health.","MVP seed — verify exact eligibility, fees, exam rules and local admissions before public launch.",2026-09-26
14,pharmacy-b-pharm,A,Science / Academic,Pharmacy (B.Pharm),"Pharmacy (B.Pharm) prepares students for a healthcare, clinical, diagnostic or allied-health role.","Students interested in biology, health, helping people and careful practical work.","10th → PCB/Science is commonly required for clinical and allied-health programmes; exact eligibility varies by course. → NEET-UG where required; state/university counselling or admission rules also apply. → Relevant medical/allied-health degree, diploma or certificate programme. → entry-level role → higher growth",PCB/Science is commonly required for clinical and allied-health programmes; exact eligibility varies by course.,NEET-UG where required; state/university counselling or admission rules also apply.,"Relevant medical/allied-health degree, diploma or certificate programme.","Biology, anatomy/physiology, chemistry or physics as applicable, diagnostics/clinical subjects and practical training.","Care, accuracy, communication, observation, discipline and practical/lab skills.","Clinical practice, diagnostics, rehabilitation, public health, laboratory or specialist areas depending on programme.","Healthcare professional/technician, assistant, therapist, laboratory or diagnostic role depending on qualification.","PG degree, specialization, professional registration where required, research or management.",Entry-level → Junior/Associate → Senior Professional → Lead/Manager/Specialist → Director/Expert or Entrepreneur.,Office/campus/lab/site/field/studio/service/workshop or mixed settings depending on the role.,4 years after Class 12,"Government institutions are usually lower-cost; private institutions can range from roughly ₹1,00,000 to ₹10,00,000+ total depending on programme and college.","National Scholarship Portal (NSP), state scholarships, institution merit/need aid and eligible category-specific schemes; eligibility must be checked for the exact course and institute.","Government departments, PSUs/research/education where eligible + private companies/startups/independent practice depending on qualification.","Clear qualification pathway, multiple specialization choices and opportunities to build experience or move into leadership/entrepreneurship.","Admission competition, changing skill requirements and the need to choose a recognized course/institute carefully.",This path helps you build skills to work in healthcare and support patients or medical teams as a qualified Pharmacy (B.Pharm) professional.,"MVP seed — verify exact eligibility, fees, exam rules and local admissions before public launch.",2026-09-26
15,physiotherapy-bpt,A,Science / Academic,Physiotherapy (BPT),"Physiotherapy (BPT) prepares students for a healthcare, clinical, diagnostic or allied-health role.","Students interested in biology, health, helping people and careful practical work.","10th → PCB/Science is commonly required for clinical and allied-health programmes; exact eligibility varies by course. → JEE Main/State CET/CUET/NEET/NATA or institute admission depending on the programme. → Relevant medical/allied-health degree, diploma or certificate programme. → entry-level role → higher growth",PCB/Science is commonly required for clinical and allied-health programmes; exact eligibility varies by course.,JEE Main/State CET/CUET/NEET/NATA or institute admission depending on the programme.,"Relevant medical/allied-health degree, diploma or certificate programme.","Biology, anatomy/physiology, chemistry or physics as applicable, diagnostics/clinical subjects and practical training.","Care, accuracy, communication, observation, discipline and practical/lab skills.","Clinical practice, diagnostics, rehabilitation, public health, laboratory or specialist areas depending on programme.","Healthcare professional/technician, assistant, therapist, laboratory or diagnostic role depending on qualification.","PG degree, specialization, professional registration where required, research or management.",Entry-level → Junior/Associate → Senior Professional → Lead/Manager/Specialist → Director/Expert or Entrepreneur.,Office/campus/lab/site/field/studio/service/workshop or mixed settings depending on the role.,Typically 4–4.5 years depending on programme/internship,"Government institutions are usually lower-cost; private institutions can range from roughly ₹1,00,000 to ₹10,00,000+ total depending on programme and college.","National Scholarship Portal (NSP), state scholarships, institution merit/need aid and eligible category-specific schemes; eligibility must be checked for the exact course and institute.","Government departments, PSUs/research/education where eligible + private companies/startups/independent practice depending on qualification.","Clear qualification pathway, multiple specialization choices and opportunities to build experience or move into leadership/entrepreneurship.","Admission competition, changing skill requirements and the need to choose a recognized course/institute carefully.",This path helps you build skills to work in healthcare and support patients or medical teams as a qualified Physiotherapy (BPT) professional.,"MVP seed — verify exact eligibility, fees, exam rules and local admissions before public launch.",2026-09-26
16,agriculture,A,Science / Academic,Agriculture,"Agriculture applies science and practical methods to agriculture, food, biological systems, animals or the environment.","Students interested in biology, nature, food systems, research or sustainable development.","10th → PCB/PCMB/Science is common; exact eligibility depends on the programme. → JEE Main/State CET/CUET/NEET/NATA or institute admission depending on the programme. → Relevant B.Sc/B.Tech/professional degree, diploma or skill programme. → entry-level role → higher growth",PCB/PCMB/Science is common; exact eligibility depends on the programme.,JEE Main/State CET/CUET/NEET/NATA or institute admission depending on the programme.,"Relevant B.Sc/B.Tech/professional degree, diploma or skill programme.","Biology, chemistry, agriculture/food/environment subjects, statistics and practical/lab work.","Observation, science basics, data handling, field/lab skills and problem-solving.","Research, biotechnology, food processing, agritech, animal science, sustainability or environmental management.","Technician, Research Assistant, Agritech/Food/Environment professional, Quality or Production role.","M.Sc/M.Tech/MBA, research, professional certification or specialization.",Entry-level → Junior/Associate → Senior Professional → Lead/Manager/Specialist → Director/Expert or Entrepreneur.,Office/campus/lab/site/field/studio/service/workshop or mixed settings depending on the role.,Usually 3–4 years after Class 12; professional programmes may be longer,"Public institutions can be roughly ₹30,000–₹2,00,000 total; private institutions may range from ₹2,00,000–₹15,00,000+ depending on programme and college.","National Scholarship Portal (NSP), state scholarships, institution merit/need aid and eligible category-specific schemes; eligibility must be checked for the exact course and institute. ICAR/institution/state agriculture scholarships may apply.","Government departments, PSUs/research/education where eligible + private companies/startups/independent practice depending on qualification.","Clear qualification pathway, multiple specialization choices and opportunities to build experience or move into leadership/entrepreneurship.","Admission competition, changing skill requirements and the need to choose a recognized course/institute carefully.","This career uses science to solve real problems involving living systems, food, agriculture or the environment.","MVP seed — verify exact eligibility, fees, exam rules and local admissions before public launch.",2026-09-26
17,veterinary-science-bvsc,A,Science / Academic,Veterinary Science (BVSc),"Veterinary Science (BVSc) applies science and practical methods to agriculture, food, biological systems, animals or the environment.","Students interested in biology, nature, food systems, research or sustainable development.","10th → PCB/PCMB/Science is common; exact eligibility depends on the programme. → JEE Main/State CET/CUET/NEET/NATA or institute admission depending on the programme. → Relevant B.Sc/B.Tech/professional degree, diploma or skill programme. → entry-level role → higher growth",PCB/PCMB/Science is common; exact eligibility depends on the programme.,JEE Main/State CET/CUET/NEET/NATA or institute admission depending on the programme.,"Relevant B.Sc/B.Tech/professional degree, diploma or skill programme.","Biology, chemistry, agriculture/food/environment subjects, statistics and practical/lab work.","Observation, science basics, data handling, field/lab skills and problem-solving.","Research, biotechnology, food processing, agritech, animal science, sustainability or environmental management.","Technician, Research Assistant, Agritech/Food/Environment professional, Quality or Production role.","M.Sc/M.Tech/MBA, research, professional certification or specialization.",Entry-level → Junior/Associate → Senior Professional → Lead/Manager/Specialist → Director/Expert or Entrepreneur.,Office/campus/lab/site/field/studio/service/workshop or mixed settings depending on the role.,Typically about 5.5 years including internship,"Public institutions can be roughly ₹30,000–₹2,00,000 total; private institutions may range from ₹2,00,000–₹15,00,000+ depending on programme and college.","National Scholarship Portal (NSP), state scholarships, institution merit/need aid and eligible category-specific schemes; eligibility must be checked for the exact course and institute.","Government departments, PSUs/research/education where eligible + private companies/startups/independent practice depending on qualification.","Clear qualification pathway, multiple specialization choices and opportunities to build experience or move into leadership/entrepreneurship.","Admission competition, changing skill requirements and the need to choose a recognized course/institute carefully.","This career uses science to solve real problems involving living systems, food, agriculture or the environment.","MVP seed — verify exact eligibility, fees, exam rules and local admissions before public launch.",2026-09-26
18,biotechnology,A,Science / Academic,Biotechnology,Biotechnology is a structured career/education pathway that can lead from Class 10 to a job or higher study.,Students who are interested in this subject and are ready to build the required academic and practical skills.,"10th → Depends on the exact qualification; check current eligibility before admission. → JEE Main/State CET/CUET/NEET/NATA or institute admission depending on the programme. → Relevant certificate, diploma or degree programme. → entry-level role → higher growth",Depends on the exact qualification; check current eligibility before admission.,JEE Main/State CET/CUET/NEET/NATA or institute admission depending on the programme.,"Relevant certificate, diploma or degree programme.",Core theory plus practical/project work related to the field.,"Communication, problem-solving, digital literacy, teamwork and field-specific skills.",Specializations depend on the chosen institution and programme.,"Entry-level roles related to the qualification, with experience-based progression.","Advanced diploma, degree, PG study or professional certification as applicable.",Entry-level → Junior/Associate → Senior Professional → Lead/Manager/Specialist → Director/Expert or Entrepreneur.,Office/campus/lab/site/field/studio/service/workshop or mixed settings depending on the role.,Usually 3–4 years after Class 12; professional programmes may be longer,"Public institutions can be roughly ₹30,000–₹2,00,000 total; private institutions may range from ₹2,00,000–₹15,00,000+ depending on programme and college.","National Scholarship Portal (NSP), state scholarships, institution merit/need aid and eligible category-specific schemes; eligibility must be checked for the exact course and institute.","Government departments, PSUs/research/education where eligible + private companies/startups/independent practice depending on qualification.","Clear qualification pathway, multiple specialization choices and opportunities to build experience or move into leadership/entrepreneurship.","Admission competition, changing skill requirements and the need to choose a recognized course/institute carefully.",This is a step-by-step route to build skills and qualifications for Biotechnology.,"MVP seed — verify exact eligibility, fees, exam rules and local admissions before public launch.",2026-09-26
19,food-technology,A,Science / Academic,Food Technology,"Food Technology applies science and practical methods to agriculture, food, biological systems, animals or the environment.","Students interested in biology, nature, food systems, research or sustainable development.","10th → PCB/PCMB/Science is common; exact eligibility depends on the programme. → JEE Main/State CET/CUET/NEET/NATA or institute admission depending on the programme. → Relevant B.Sc/B.Tech/professional degree, diploma or skill programme. → entry-level role → higher growth",PCB/PCMB/Science is common; exact eligibility depends on the programme.,JEE Main/State CET/CUET/NEET/NATA or institute admission depending on the programme.,"Relevant B.Sc/B.Tech/professional degree, diploma or skill programme.","Biology, chemistry, agriculture/food/environment subjects, statistics and practical/lab work.","Observation, science basics, data handling, field/lab skills and problem-solving.","Research, biotechnology, food processing, agritech, animal science, sustainability or environmental management.","Technician, Research Assistant, Agritech/Food/Environment professional, Quality or Production role.","M.Sc/M.Tech/MBA, research, professional certification or specialization.",Entry-level → Junior/Associate → Senior Professional → Lead/Manager/Specialist → Director/Expert or Entrepreneur.,Office/campus/lab/site/field/studio/service/workshop or mixed settings depending on the role.,Usually 3–4 years after Class 12; professional programmes may be longer,"Public institutions can be roughly ₹30,000–₹2,00,000 total; private institutions may range from ₹2,00,000–₹15,00,000+ depending on programme and college.","National Scholarship Portal (NSP), state scholarships, institution merit/need aid and eligible category-specific schemes; eligibility must be checked for the exact course and institute.","Government departments, PSUs/research/education where eligible + private companies/startups/independent practice depending on qualification.","Clear qualification pathway, multiple specialization choices and opportunities to build experience or move into leadership/entrepreneurship.","Admission competition, changing skill requirements and the need to choose a recognized course/institute carefully.","This career uses science to solve real problems involving living systems, food, agriculture or the environment.","MVP seed — verify exact eligibility, fees, exam rules and local admissions before public launch.",2026-09-26
20,biology-medical-research,A,Science / Academic,Biology + Medical Research,"Biology + Medical Research prepares students for a healthcare, clinical, diagnostic or allied-health role.","Students interested in biology, health, helping people and careful practical work.","10th → PCB/Science is commonly required for clinical and allied-health programmes; exact eligibility varies by course. → JEE Main/State CET/CUET/NEET/NATA or institute admission depending on the programme. → Relevant medical/allied-health degree, diploma or certificate programme. → entry-level role → higher growth",PCB/Science is commonly required for clinical and allied-health programmes; exact eligibility varies by course.,JEE Main/State CET/CUET/NEET/NATA or institute admission depending on the programme.,"Relevant medical/allied-health degree, diploma or certificate programme.","Biology, anatomy/physiology, chemistry or physics as applicable, diagnostics/clinical subjects and practical training.","Care, accuracy, communication, observation, discipline and practical/lab skills.","Clinical practice, diagnostics, rehabilitation, public health, laboratory or specialist areas depending on programme.","Healthcare professional/technician, assistant, therapist, laboratory or diagnostic role depending on qualification.","PG degree, specialization, professional registration where required, research or management.",Entry-level → Junior/Associate → Senior Professional → Lead/Manager/Specialist → Director/Expert or Entrepreneur.,Office/campus/lab/site/field/studio/service/workshop or mixed settings depending on the role.,Usually 3–4 years after Class 12; professional programmes may be longer,"Public institutions can be roughly ₹30,000–₹2,00,000 total; private institutions may range from ₹2,00,000–₹15,00,000+ depending on programme and college.","National Scholarship Portal (NSP), state scholarships, institution merit/need aid and eligible category-specific schemes; eligibility must be checked for the exact course and institute.","Government departments, PSUs/research/education where eligible + private companies/startups/independent practice depending on qualification.","Clear qualification pathway, multiple specialization choices and opportunities to build experience or move into leadership/entrepreneurship.","Admission competition, changing skill requirements and the need to choose a recognized course/institute carefully.",This path helps you build skills to work in healthcare and support patients or medical teams as a qualified Biology + Medical Research professional.,"MVP seed — verify exact eligibility, fees, exam rules and local admissions before public launch.",2026-09-26
21,physical-education,A,Science / Academic,Physical Education,"Physical Education connects physical activity, performance, coaching, fitness or wellness with professional opportunities.","Students who enjoy sports, exercise, discipline, teamwork and healthy lifestyles.","10th → Any stream can work for many routes; specific degree/academy rules vary. → JEE Main/State CET/CUET/NEET/NATA or institute admission depending on the programme. → B.P.Ed/B.Sc/B.A. related programme, coaching certification or specialized fitness course. → entry-level role → higher growth",Any stream can work for many routes; specific degree/academy rules vary.,JEE Main/State CET/CUET/NEET/NATA or institute admission depending on the programme.,"B.P.Ed/B.Sc/B.A. related programme, coaching certification or specialized fitness course.","Exercise science, anatomy, training methods, nutrition basics, psychology and practical training.","Fitness, discipline, coaching, communication, observation and leadership.","Professional sport, coaching, strength & conditioning, fitness, sports management or wellness.","Athlete, Coach, Fitness Trainer, Sports Instructor, Sports Operations professional.",M.P.Ed/M.Sc Sports Science/MBA Sports Management or advanced coaching certification.,Entry-level → Junior/Associate → Senior Professional → Lead/Manager/Specialist → Director/Expert or Entrepreneur.,Office/campus/lab/site/field/studio/service/workshop or mixed settings depending on the role.,Usually 3–4 years after Class 12; professional programmes may be longer,"Public institutions can be roughly ₹30,000–₹2,00,000 total; private institutions may range from ₹2,00,000–₹15,00,000+ depending on programme and college.","National Scholarship Portal (NSP), state scholarships, institution merit/need aid and eligible category-specific schemes; eligibility must be checked for the exact course and institute.","Government departments, PSUs/research/education where eligible + private companies/startups/independent practice depending on qualification.","Clear qualification pathway, multiple specialization choices and opportunities to build experience or move into leadership/entrepreneurship.","Admission competition, changing skill requirements and the need to choose a recognized course/institute carefully.","This path turns your interest in sport, fitness or wellness into a structured career.","MVP seed — verify exact eligibility, fees, exam rules and local admissions before public launch.",2026-09-26
22,defence-nda,A,Science / Academic,Defence (NDA),Defence (NDA) is a structured career/education pathway that can lead from Class 10 to a job or higher study.,Students who are interested in this subject and are ready to build the required academic and practical skills.,"10th → Depends on the exact qualification; check current eligibility before admission. → JEE Main/State CET/CUET/NEET/NATA or institute admission depending on the programme. → Relevant certificate, diploma or degree programme. → entry-level role → higher growth",Depends on the exact qualification; check current eligibility before admission.,JEE Main/State CET/CUET/NEET/NATA or institute admission depending on the programme.,"Relevant certificate, diploma or degree programme.",Core theory plus practical/project work related to the field.,"Communication, problem-solving, digital literacy, teamwork and field-specific skills.",Specializations depend on the chosen institution and programme.,"Entry-level roles related to the qualification, with experience-based progression.","Advanced diploma, degree, PG study or professional certification as applicable.",Entry-level → Junior/Associate → Senior Professional → Lead/Manager/Specialist → Director/Expert or Entrepreneur.,Office/campus/lab/site/field/studio/service/workshop or mixed settings depending on the role.,Usually 3–4 years after Class 12; professional programmes may be longer,"Public institutions can be roughly ₹30,000–₹2,00,000 total; private institutions may range from ₹2,00,000–₹15,00,000+ depending on programme and college.","National Scholarship Portal (NSP), state scholarships, institution merit/need aid and eligible category-specific schemes; eligibility must be checked for the exact course and institute. Service-specific welfare/scholarship schemes may apply to eligible beneficiaries.","Government departments, PSUs/research/education where eligible + private companies/startups/independent practice depending on qualification.","Clear qualification pathway, multiple specialization choices and opportunities to build experience or move into leadership/entrepreneurship.","Admission competition, changing skill requirements and the need to choose a recognized course/institute carefully.",This is a step-by-step route to build skills and qualifications for Defence (NDA).,"MVP seed — verify exact eligibility, fees, exam rules and local admissions before public launch.",2026-09-26
23,b-sc-nursing,A,Science / Academic,B.Sc Nursing,"B.Sc Nursing prepares students for a healthcare, clinical, diagnostic or allied-health role.","Students interested in biology, health, helping people and careful practical work.","10th → PCB/Science is commonly required for clinical and allied-health programmes; exact eligibility varies by course. → NEET-UG where required; state/university counselling or admission rules also apply. → Relevant medical/allied-health degree, diploma or certificate programme. → entry-level role → higher growth",PCB/Science is commonly required for clinical and allied-health programmes; exact eligibility varies by course.,NEET-UG where required; state/university counselling or admission rules also apply.,"Relevant medical/allied-health degree, diploma or certificate programme.","Biology, anatomy/physiology, chemistry or physics as applicable, diagnostics/clinical subjects and practical training.","Care, accuracy, communication, observation, discipline and practical/lab skills.","Clinical practice, diagnostics, rehabilitation, public health, laboratory or specialist areas depending on programme.","Healthcare professional/technician, assistant, therapist, laboratory or diagnostic role depending on qualification.","PG degree, specialization, professional registration where required, research or management.",Entry-level → Junior/Associate → Senior Professional → Lead/Manager/Specialist → Director/Expert or Entrepreneur.,Office/campus/lab/site/field/studio/service/workshop or mixed settings depending on the role.,Usually 3–4 years after Class 12; professional programmes may be longer,"Government institutions are usually lower-cost; private institutions can range from roughly ₹1,00,000 to ₹10,00,000+ total depending on programme and college.","National Scholarship Portal (NSP), state scholarships, institution merit/need aid and eligible category-specific schemes; eligibility must be checked for the exact course and institute.","Government departments, PSUs/research/education where eligible + private companies/startups/independent practice depending on qualification.","Clear qualification pathway, multiple specialization choices and opportunities to build experience or move into leadership/entrepreneurship.","Admission competition, changing skill requirements and the need to choose a recognized course/institute carefully.",This path helps you build skills to work in healthcare and support patients or medical teams as a qualified B.Sc Nursing professional.,"MVP seed — verify exact eligibility, fees, exam rules and local admissions before public launch.",2026-09-26
24,forensic-science,A,Science / Academic,Forensic Science,Forensic Science is a structured career/education pathway that can lead from Class 10 to a job or higher study.,Students who are interested in this subject and are ready to build the required academic and practical skills.,"10th → Depends on the exact qualification; check current eligibility before admission. → JEE Main/State CET/CUET/NEET/NATA or institute admission depending on the programme. → Relevant certificate, diploma or degree programme. → entry-level role → higher growth",Depends on the exact qualification; check current eligibility before admission.,JEE Main/State CET/CUET/NEET/NATA or institute admission depending on the programme.,"Relevant certificate, diploma or degree programme.",Core theory plus practical/project work related to the field.,"Communication, problem-solving, digital literacy, teamwork and field-specific skills.",Specializations depend on the chosen institution and programme.,"Entry-level roles related to the qualification, with experience-based progression.","Advanced diploma, degree, PG study or professional certification as applicable.",Entry-level → Junior/Associate → Senior Professional → Lead/Manager/Specialist → Director/Expert or Entrepreneur.,Office/campus/lab/site/field/studio/service/workshop or mixed settings depending on the role.,Usually 3–4 years after Class 12; professional programmes may be longer,"Public institutions can be roughly ₹30,000–₹2,00,000 total; private institutions may range from ₹2,00,000–₹15,00,000+ depending on programme and college.","National Scholarship Portal (NSP), state scholarships, institution merit/need aid and eligible category-specific schemes; eligibility must be checked for the exact course and institute.","Government departments, PSUs/research/education where eligible + private companies/startups/independent practice depending on qualification.","Clear qualification pathway, multiple specialization choices and opportunities to build experience or move into leadership/entrepreneurship.","Admission competition, changing skill requirements and the need to choose a recognized course/institute carefully.",This is a step-by-step route to build skills and qualifications for Forensic Science.,"MVP seed — verify exact eligibility, fees, exam rules and local admissions before public launch.",2026-09-26
25,environmental-science,A,Science / Academic,Environmental Science,"Environmental Science applies science and practical methods to agriculture, food, biological systems, animals or the environment.","Students interested in biology, nature, food systems, research or sustainable development.","10th → PCB/PCMB/Science is common; exact eligibility depends on the programme. → JEE Main/State CET/CUET/NEET/NATA or institute admission depending on the programme. → Relevant B.Sc/B.Tech/professional degree, diploma or skill programme. → entry-level role → higher growth",PCB/PCMB/Science is common; exact eligibility depends on the programme.,JEE Main/State CET/CUET/NEET/NATA or institute admission depending on the programme.,"Relevant B.Sc/B.Tech/professional degree, diploma or skill programme.","Biology, chemistry, agriculture/food/environment subjects, statistics and practical/lab work.","Observation, science basics, data handling, field/lab skills and problem-solving.","Research, biotechnology, food processing, agritech, animal science, sustainability or environmental management.","Technician, Research Assistant, Agritech/Food/Environment professional, Quality or Production role.","M.Sc/M.Tech/MBA, research, professional certification or specialization.",Entry-level → Junior/Associate → Senior Professional → Lead/Manager/Specialist → Director/Expert or Entrepreneur.,Office/campus/lab/site/field/studio/service/workshop or mixed settings depending on the role.,Usually 3–4 years after Class 12; professional programmes may be longer,"Public institutions can be roughly ₹30,000–₹2,00,000 total; private institutions may range from ₹2,00,000–₹15,00,000+ depending on programme and college.","National Scholarship Portal (NSP), state scholarships, institution merit/need aid and eligible category-specific schemes; eligibility must be checked for the exact course and institute.","Government departments, PSUs/research/education where eligible + private companies/startups/independent practice depending on qualification.","Clear qualification pathway, multiple specialization choices and opportunities to build experience or move into leadership/entrepreneurship.","Admission competition, changing skill requirements and the need to choose a recognized course/institute carefully.","This career uses science to solve real problems involving living systems, food, agriculture or the environment.","MVP seed — verify exact eligibility, fees, exam rules and local admissions before public launch.",2026-09-26
26,b-com-general,B,Commerce + Humanities,B.Com (General),B.Com (General) is a structured career/education pathway that can lead from Class 10 to a job or higher study.,Students who are interested in this subject and are ready to build the required academic and practical skills.,"10th → Depends on the exact qualification; check current eligibility before admission. → CUET-UG/university admission; professional-body exams for CA/CS/CMA; CLAT for law where applicable. → Relevant certificate, diploma or degree programme. → entry-level role → higher growth",Depends on the exact qualification; check current eligibility before admission.,CUET-UG/university admission; professional-body exams for CA/CS/CMA; CLAT for law where applicable.,"Relevant certificate, diploma or degree programme.",Core theory plus practical/project work related to the field.,"Communication, problem-solving, digital literacy, teamwork and field-specific skills.",Specializations depend on the chosen institution and programme.,"Entry-level roles related to the qualification, with experience-based progression.","Advanced diploma, degree, PG study or professional certification as applicable.",Trainee/Executive → Associate/Analyst → Senior Professional → Manager/Consultant → Director/Partner/Entrepreneur.,Office/campus/lab/site/field/studio/service/workshop or mixed settings depending on the role.,Usually 3–4 years after Class 12; professional programmes may be longer,"Public institutions can be roughly ₹25,000–₹2,00,000 total; private institutions commonly range from ₹1,50,000–₹8,00,000+ depending on programme.","National Scholarship Portal (NSP), state scholarships, institution merit/need aid and eligible category-specific schemes; eligibility must be checked for the exact course and institute.","Government, banking/finance, business services, education, media, legal/business services + private companies and entrepreneurship.","Clear qualification pathway, multiple specialization choices and opportunities to build experience or move into leadership/entrepreneurship.","Admission competition, changing skill requirements and the need to choose a recognized course/institute carefully.",This is a step-by-step route to build skills and qualifications for B.Com (General).,"MVP seed — verify exact eligibility, fees, exam rules and local admissions before public launch.",2026-09-26
27,b-com-hons,B,Commerce + Humanities,B.Com (Hons),B.Com (Hons) is a structured career/education pathway that can lead from Class 10 to a job or higher study.,Students who are interested in this subject and are ready to build the required academic and practical skills.,"10th → Depends on the exact qualification; check current eligibility before admission. → CUET-UG/university admission; professional-body exams for CA/CS/CMA; CLAT for law where applicable. → Relevant certificate, diploma or degree programme. → entry-level role → higher growth",Depends on the exact qualification; check current eligibility before admission.,CUET-UG/university admission; professional-body exams for CA/CS/CMA; CLAT for law where applicable.,"Relevant certificate, diploma or degree programme.",Core theory plus practical/project work related to the field.,"Communication, problem-solving, digital literacy, teamwork and field-specific skills.",Specializations depend on the chosen institution and programme.,"Entry-level roles related to the qualification, with experience-based progression.","Advanced diploma, degree, PG study or professional certification as applicable.",Trainee/Executive → Associate/Analyst → Senior Professional → Manager/Consultant → Director/Partner/Entrepreneur.,Office/campus/lab/site/field/studio/service/workshop or mixed settings depending on the role.,Usually 3–4 years after Class 12; professional programmes may be longer,"Public institutions can be roughly ₹25,000–₹2,00,000 total; private institutions commonly range from ₹1,50,000–₹8,00,000+ depending on programme.","National Scholarship Portal (NSP), state scholarships, institution merit/need aid and eligible category-specific schemes; eligibility must be checked for the exact course and institute.","Government, banking/finance, business services, education, media, legal/business services + private companies and entrepreneurship.","Clear qualification pathway, multiple specialization choices and opportunities to build experience or move into leadership/entrepreneurship.","Admission competition, changing skill requirements and the need to choose a recognized course/institute carefully.",This is a step-by-step route to build skills and qualifications for B.Com (Hons).,"MVP seed — verify exact eligibility, fees, exam rules and local admissions before public launch.",2026-09-26
28,bba-business-administration,B,Commerce + Humanities,BBA (Business Administration),"BBA (Business Administration) develops knowledge of business operations, customers, money, management, services or organizations.","Students who enjoy business, numbers, communication, organizing activities or working with people.","10th → Commerce is useful, but many programmes accept Humanities/Science depending on institution. → CUET-UG/university admission; professional-body exams for CA/CS/CMA; CLAT for law where applicable. → B.Com/BBA/BMS/BHM or relevant diploma/certificate/professional programme. → entry-level role → higher growth","Commerce is useful, but many programmes accept Humanities/Science depending on institution.",CUET-UG/university admission; professional-body exams for CA/CS/CMA; CLAT for law where applicable.,B.Com/BBA/BMS/BHM or relevant diploma/certificate/professional programme.,"Accounting, economics, management, marketing, finance, communication and business law as applicable.","Communication, numeracy, organization, sales/customer skills, teamwork and decision-making.","Finance, marketing, HR, operations, analytics, hospitality, logistics, retail or entrepreneurship.","Executive, Analyst, Accountant/Finance role, Sales/Marketing, Operations or Business Associate.",MBA/M.Com/professional qualification/certifications or specialization.,Trainee/Executive → Associate/Analyst → Senior Professional → Manager/Consultant → Director/Partner/Entrepreneur.,Office/campus/lab/site/field/studio/service/workshop or mixed settings depending on the role.,Usually 3–4 years after Class 12; professional programmes may be longer,"Public institutions can be roughly ₹25,000–₹2,00,000 total; private institutions commonly range from ₹1,50,000–₹8,00,000+ depending on programme.","National Scholarship Portal (NSP), state scholarships, institution merit/need aid and eligible category-specific schemes; eligibility must be checked for the exact course and institute.","Government, banking/finance, business services, education, media, legal/business services + private companies and entrepreneurship.","Clear qualification pathway, multiple specialization choices and opportunities to build experience or move into leadership/entrepreneurship.","Admission competition, changing skill requirements and the need to choose a recognized course/institute carefully.","This path teaches you how organizations, customers, money and operations work in BBA (Business Administration).","MVP seed — verify exact eligibility, fees, exam rules and local admissions before public launch.",2026-09-26
29,bms-management-studies,B,Commerce + Humanities,BMS (Management Studies),"BMS (Management Studies) develops knowledge of business operations, customers, money, management, services or organizations.","Students who enjoy business, numbers, communication, organizing activities or working with people.","10th → Commerce is useful, but many programmes accept Humanities/Science depending on institution. → CUET-UG/university admission; professional-body exams for CA/CS/CMA; CLAT for law where applicable. → B.Com/BBA/BMS/BHM or relevant diploma/certificate/professional programme. → entry-level role → higher growth","Commerce is useful, but many programmes accept Humanities/Science depending on institution.",CUET-UG/university admission; professional-body exams for CA/CS/CMA; CLAT for law where applicable.,B.Com/BBA/BMS/BHM or relevant diploma/certificate/professional programme.,"Accounting, economics, management, marketing, finance, communication and business law as applicable.","Communication, numeracy, organization, sales/customer skills, teamwork and decision-making.","Finance, marketing, HR, operations, analytics, hospitality, logistics, retail or entrepreneurship.","Executive, Analyst, Accountant/Finance role, Sales/Marketing, Operations or Business Associate.",MBA/M.Com/professional qualification/certifications or specialization.,Trainee/Executive → Associate/Analyst → Senior Professional → Manager/Consultant → Director/Partner/Entrepreneur.,Office/campus/lab/site/field/studio/service/workshop or mixed settings depending on the role.,Usually 3–4 years after Class 12; professional programmes may be longer,"Public institutions can be roughly ₹25,000–₹2,00,000 total; private institutions commonly range from ₹1,50,000–₹8,00,000+ depending on programme.","National Scholarship Portal (NSP), state scholarships, institution merit/need aid and eligible category-specific schemes; eligibility must be checked for the exact course and institute.","Government, banking/finance, business services, education, media, legal/business services + private companies and entrepreneurship.","Clear qualification pathway, multiple specialization choices and opportunities to build experience or move into leadership/entrepreneurship.","Admission competition, changing skill requirements and the need to choose a recognized course/institute carefully.","This path teaches you how organizations, customers, money and operations work in BMS (Management Studies).","MVP seed — verify exact eligibility, fees, exam rules and local admissions before public launch.",2026-09-26
30,ba-economics,B,Commerce + Humanities,BA (Economics),"BA (Economics) studies people, society, language, public systems, ideas, culture or social behaviour.","Students who like reading, writing, communication, society, history, people and critical thinking.",10th → Humanities/Arts is a natural route; many universities also accept other streams. → CUET-UG/university admission; professional-body exams for CA/CS/CMA; CLAT for law where applicable. → BA or integrated professional programme relevant to the field. → entry-level role → higher growth,Humanities/Arts is a natural route; many universities also accept other streams.,CUET-UG/university admission; professional-body exams for CA/CS/CMA; CLAT for law where applicable.,BA or integrated professional programme relevant to the field.,"Core subject theory, research methods, communication, social science and project work.","Reading, writing, communication, research, critical thinking and presentation.","Research, policy, media, education, counselling, public administration, social development or law-related areas.","Research Assistant, Content/Media professional, Policy/Administrative roles, Educator or Social-sector professional.","MA, MSW, MBA, LLB/LLM where eligible, NET/PhD or professional certifications.",Trainee/Executive → Associate/Analyst → Senior Professional → Manager/Consultant → Director/Partner/Entrepreneur.,Office/campus/lab/site/field/studio/service/workshop or mixed settings depending on the role.,Usually 3–4 years after Class 12; professional programmes may be longer,"Public institutions can be roughly ₹25,000–₹2,00,000 total; private institutions commonly range from ₹1,50,000–₹8,00,000+ depending on programme.","National Scholarship Portal (NSP), state scholarships, institution merit/need aid and eligible category-specific schemes; eligibility must be checked for the exact course and institute.","Government, banking/finance, business services, education, media, legal/business services + private companies and entrepreneurship.","Clear qualification pathway, multiple specialization choices and opportunities to build experience or move into leadership/entrepreneurship.","Admission competition, changing skill requirements and the need to choose a recognized course/institute carefully.","This path helps you understand people, society and ideas and turn that knowledge into a career.","MVP seed — verify exact eligibility, fees, exam rules and local admissions before public launch.",2026-09-26
31,ba-political-science,B,Commerce + Humanities,BA (Political Science),"BA (Political Science) studies people, society, language, public systems, ideas, culture or social behaviour.","Students who like reading, writing, communication, society, history, people and critical thinking.",10th → Humanities/Arts is a natural route; many universities also accept other streams. → CUET-UG/university admission; professional-body exams for CA/CS/CMA; CLAT for law where applicable. → BA or integrated professional programme relevant to the field. → entry-level role → higher growth,Humanities/Arts is a natural route; many universities also accept other streams.,CUET-UG/university admission; professional-body exams for CA/CS/CMA; CLAT for law where applicable.,BA or integrated professional programme relevant to the field.,"Core subject theory, research methods, communication, social science and project work.","Reading, writing, communication, research, critical thinking and presentation.","Research, policy, media, education, counselling, public administration, social development or law-related areas.","Research Assistant, Content/Media professional, Policy/Administrative roles, Educator or Social-sector professional.","MA, MSW, MBA, LLB/LLM where eligible, NET/PhD or professional certifications.",Trainee/Executive → Associate/Analyst → Senior Professional → Manager/Consultant → Director/Partner/Entrepreneur.,Office/campus/lab/site/field/studio/service/workshop or mixed settings depending on the role.,Usually 3–4 years after Class 12; professional programmes may be longer,"Public institutions can be roughly ₹25,000–₹2,00,000 total; private institutions commonly range from ₹1,50,000–₹8,00,000+ depending on programme.","National Scholarship Portal (NSP), state scholarships, institution merit/need aid and eligible category-specific schemes; eligibility must be checked for the exact course and institute.","Government, banking/finance, business services, education, media, legal/business services + private companies and entrepreneurship.","Clear qualification pathway, multiple specialization choices and opportunities to build experience or move into leadership/entrepreneurship.","Admission competition, changing skill requirements and the need to choose a recognized course/institute carefully.","This path helps you understand people, society and ideas and turn that knowledge into a career.","MVP seed — verify exact eligibility, fees, exam rules and local admissions before public launch.",2026-09-26
32,ba-history,B,Commerce + Humanities,BA (History),"BA (History) studies people, society, language, public systems, ideas, culture or social behaviour.","Students who like reading, writing, communication, society, history, people and critical thinking.",10th → Humanities/Arts is a natural route; many universities also accept other streams. → CUET-UG/university admission; professional-body exams for CA/CS/CMA; CLAT for law where applicable. → BA or integrated professional programme relevant to the field. → entry-level role → higher growth,Humanities/Arts is a natural route; many universities also accept other streams.,CUET-UG/university admission; professional-body exams for CA/CS/CMA; CLAT for law where applicable.,BA or integrated professional programme relevant to the field.,"Core subject theory, research methods, communication, social science and project work.","Reading, writing, communication, research, critical thinking and presentation.","Research, policy, media, education, counselling, public administration, social development or law-related areas.","Research Assistant, Content/Media professional, Policy/Administrative roles, Educator or Social-sector professional.","MA, MSW, MBA, LLB/LLM where eligible, NET/PhD or professional certifications.",Trainee/Executive → Associate/Analyst → Senior Professional → Manager/Consultant → Director/Partner/Entrepreneur.,Office/campus/lab/site/field/studio/service/workshop or mixed settings depending on the role.,Usually 3–4 years after Class 12; professional programmes may be longer,"Public institutions can be roughly ₹25,000–₹2,00,000 total; private institutions commonly range from ₹1,50,000–₹8,00,000+ depending on programme.","National Scholarship Portal (NSP), state scholarships, institution merit/need aid and eligible category-specific schemes; eligibility must be checked for the exact course and institute.","Government, banking/finance, business services, education, media, legal/business services + private companies and entrepreneurship.","Clear qualification pathway, multiple specialization choices and opportunities to build experience or move into leadership/entrepreneurship.","Admission competition, changing skill requirements and the need to choose a recognized course/institute carefully.","This path helps you understand people, society and ideas and turn that knowledge into a career.","MVP seed — verify exact eligibility, fees, exam rules and local admissions before public launch.",2026-09-26
33,ba-english,B,Commerce + Humanities,BA (English),"BA (English) studies people, society, language, public systems, ideas, culture or social behaviour.","Students who like reading, writing, communication, society, history, people and critical thinking.",10th → Humanities/Arts is a natural route; many universities also accept other streams. → CUET-UG/university admission; professional-body exams for CA/CS/CMA; CLAT for law where applicable. → BA or integrated professional programme relevant to the field. → entry-level role → higher growth,Humanities/Arts is a natural route; many universities also accept other streams.,CUET-UG/university admission; professional-body exams for CA/CS/CMA; CLAT for law where applicable.,BA or integrated professional programme relevant to the field.,"Core subject theory, research methods, communication, social science and project work.","Reading, writing, communication, research, critical thinking and presentation.","Research, policy, media, education, counselling, public administration, social development or law-related areas.","Research Assistant, Content/Media professional, Policy/Administrative roles, Educator or Social-sector professional.","MA, MSW, MBA, LLB/LLM where eligible, NET/PhD or professional certifications.",Trainee/Executive → Associate/Analyst → Senior Professional → Manager/Consultant → Director/Partner/Entrepreneur.,Office/campus/lab/site/field/studio/service/workshop or mixed settings depending on the role.,Usually 3–4 years after Class 12; professional programmes may be longer,"Public institutions can be roughly ₹25,000–₹2,00,000 total; private institutions commonly range from ₹1,50,000–₹8,00,000+ depending on programme.","National Scholarship Portal (NSP), state scholarships, institution merit/need aid and eligible category-specific schemes; eligibility must be checked for the exact course and institute.","Government, banking/finance, business services, education, media, legal/business services + private companies and entrepreneurship.","Clear qualification pathway, multiple specialization choices and opportunities to build experience or move into leadership/entrepreneurship.","Admission competition, changing skill requirements and the need to choose a recognized course/institute carefully.","This path helps you understand people, society and ideas and turn that knowledge into a career.","MVP seed — verify exact eligibility, fees, exam rules and local admissions before public launch.",2026-09-26
34,bca-computer-applications,B,Commerce + Humanities,BCA (Computer Applications),"BCA (Computer Applications) focuses on using computing, digital systems or data to build and improve technology solutions.","Students who enjoy computers, logic, problem-solving, mathematics and learning new technology.",10th → 11th–12th eligible stream → CUET/university admission → BCA → software/IT specialization → job,Often open to Commerce/Science/other eligible streams; mathematics requirements vary by university,CUET-UG or university/state admission depending on institution,BCA,"Programming, databases, web development, software engineering, computer networks and project work","Programming, logic, problem-solving, communication and project building","Web/mobile, cloud, data, cybersecurity, software testing and application development","Junior Developer, Web Developer, QA Tester, IT Support, Application Associate","MCA, M.Sc IT/Data Science, MBA or certifications",Junior Developer/Associate → Software Professional → Senior → Lead → Manager/Specialist,"IT companies, startups, service companies, remote/hybrid teams or freelance work",Varies by pace and professional stages; commonly several years after Class 12,"Public institutions can be roughly ₹25,000–₹2,00,000 total; private institutions commonly range from ₹1,50,000–₹8,00,000+ depending on programme.","National Scholarship Portal (NSP), state scholarships, institution merit/need aid and eligible category-specific schemes; eligibility must be checked for the exact course and institute.","Government, banking/finance, business services, education, media, legal/business services + private companies and entrepreneurship.",Accessible computing degree with multiple software career options,Portfolio and practical skills matter strongly in addition to the degree,BCA teaches you how to build and work with computer applications and can lead to software and IT jobs.,"MVP seed — verify exact eligibility, fees, exam rules and local admissions before public launch.",2026-09-26
35,ca-chartered-accountant,B,Commerce + Humanities,CA (Chartered Accountant),"CA (Chartered Accountant) develops knowledge of business operations, customers, money, management, services or organizations.","Students who enjoy business, numbers, communication, organizing activities or working with people.",10th → 11th–12th Commerce/any eligible stream → CA Foundation → Intermediate → Articleship/Practical Training → Final → CA,Commerce is helpful; eligibility rules should be checked with ICAI,CA Foundation and subsequent ICAI professional stages,CA professional qualification,"Accounting, business law, taxation, auditing, financial reporting, cost management and finance","Numeracy, accuracy, analysis, ethics, communication and time management","Audit, taxation, financial reporting, forensic/accounting advisory, finance and insolvency","Audit Associate, Tax Consultant, Financial Analyst, Accountant, Internal Auditor, Finance Professional","Advanced professional certifications, MBA, law or specialist finance qualifications",CA Student → Article/Associate → Senior → Manager/Consultant → Partner/CFO/Entrepreneur,"Accounting firms, corporates, banks, consulting firms, government bodies or own practice",Varies by pace and professional stages; commonly several years after Class 12,"Public institutions can be roughly ₹25,000–₹2,00,000 total; private institutions commonly range from ₹1,50,000–₹8,00,000+ depending on programme.","National Scholarship Portal (NSP), state scholarships, institution merit/need aid and eligible category-specific schemes; eligibility must be checked for the exact course and institute.","Government, banking/finance, business services, education, media, legal/business services + private companies and entrepreneurship.",Highly recognized professional qualification and broad finance/business roles,"Multiple professional stages, disciplined preparation and demanding practical training","A Chartered Accountant helps people and companies understand money, accounts, tax and financial rules.","MVP seed — verify exact eligibility, fees, exam rules and local admissions before public launch.",2026-09-26
36,cs-company-secretary,B,Commerce + Humanities,CS (Company Secretary),CS (Company Secretary) is a structured career/education pathway that can lead from Class 10 to a job or higher study.,Students who are interested in this subject and are ready to build the required academic and practical skills.,"10th → Depends on the exact qualification; check current eligibility before admission. → Professional-body entrance/stages after Class 12; check ICAI/ICSI/ICMAI rules. → Relevant certificate, diploma or degree programme. → entry-level role → higher growth",Depends on the exact qualification; check current eligibility before admission.,Professional-body entrance/stages after Class 12; check ICAI/ICSI/ICMAI rules.,"Relevant certificate, diploma or degree programme.",Core theory plus practical/project work related to the field.,"Communication, problem-solving, digital literacy, teamwork and field-specific skills.",Specializations depend on the chosen institution and programme.,"Entry-level roles related to the qualification, with experience-based progression.","Advanced diploma, degree, PG study or professional certification as applicable.",Trainee/Executive → Associate/Analyst → Senior Professional → Manager/Consultant → Director/Partner/Entrepreneur.,Office/campus/lab/site/field/studio/service/workshop or mixed settings depending on the role.,Varies by pace and professional stages; commonly several years after Class 12,"Public institutions can be roughly ₹25,000–₹2,00,000 total; private institutions commonly range from ₹1,50,000–₹8,00,000+ depending on programme.","National Scholarship Portal (NSP), state scholarships, institution merit/need aid and eligible category-specific schemes; eligibility must be checked for the exact course and institute.","Government, banking/finance, business services, education, media, legal/business services + private companies and entrepreneurship.","Clear qualification pathway, multiple specialization choices and opportunities to build experience or move into leadership/entrepreneurship.","Admission competition, changing skill requirements and the need to choose a recognized course/institute carefully.",This is a step-by-step route to build skills and qualifications for CS (Company Secretary).,"MVP seed — verify exact eligibility, fees, exam rules and local admissions before public launch.",2026-09-26
37,b-com-finance,B,Commerce + Humanities,B.Com (Finance),"B.Com (Finance) develops knowledge of business operations, customers, money, management, services or organizations.","Students who enjoy business, numbers, communication, organizing activities or working with people.","10th → Commerce is useful, but many programmes accept Humanities/Science depending on institution. → CUET-UG/university admission; professional-body exams for CA/CS/CMA; CLAT for law where applicable. → B.Com/BBA/BMS/BHM or relevant diploma/certificate/professional programme. → entry-level role → higher growth","Commerce is useful, but many programmes accept Humanities/Science depending on institution.",CUET-UG/university admission; professional-body exams for CA/CS/CMA; CLAT for law where applicable.,B.Com/BBA/BMS/BHM or relevant diploma/certificate/professional programme.,"Accounting, economics, management, marketing, finance, communication and business law as applicable.","Communication, numeracy, organization, sales/customer skills, teamwork and decision-making.","Finance, marketing, HR, operations, analytics, hospitality, logistics, retail or entrepreneurship.","Executive, Analyst, Accountant/Finance role, Sales/Marketing, Operations or Business Associate.",MBA/M.Com/professional qualification/certifications or specialization.,Trainee/Executive → Associate/Analyst → Senior Professional → Manager/Consultant → Director/Partner/Entrepreneur.,Office/campus/lab/site/field/studio/service/workshop or mixed settings depending on the role.,Usually 3–4 years after Class 12; professional programmes may be longer,"Public institutions can be roughly ₹25,000–₹2,00,000 total; private institutions commonly range from ₹1,50,000–₹8,00,000+ depending on programme.","National Scholarship Portal (NSP), state scholarships, institution merit/need aid and eligible category-specific schemes; eligibility must be checked for the exact course and institute.","Government, banking/finance, business services, education, media, legal/business services + private companies and entrepreneurship.","Clear qualification pathway, multiple specialization choices and opportunities to build experience or move into leadership/entrepreneurship.","Admission competition, changing skill requirements and the need to choose a recognized course/institute carefully.","This path teaches you how organizations, customers, money and operations work in B.Com (Finance).","MVP seed — verify exact eligibility, fees, exam rules and local admissions before public launch.",2026-09-26
38,b-com-taxation,B,Commerce + Humanities,B.Com (Taxation),"B.Com (Taxation) develops knowledge of business operations, customers, money, management, services or organizations.","Students who enjoy business, numbers, communication, organizing activities or working with people.","10th → Commerce is useful, but many programmes accept Humanities/Science depending on institution. → CUET-UG/university admission; professional-body exams for CA/CS/CMA; CLAT for law where applicable. → B.Com/BBA/BMS/BHM or relevant diploma/certificate/professional programme. → entry-level role → higher growth","Commerce is useful, but many programmes accept Humanities/Science depending on institution.",CUET-UG/university admission; professional-body exams for CA/CS/CMA; CLAT for law where applicable.,B.Com/BBA/BMS/BHM or relevant diploma/certificate/professional programme.,"Accounting, economics, management, marketing, finance, communication and business law as applicable.","Communication, numeracy, organization, sales/customer skills, teamwork and decision-making.","Finance, marketing, HR, operations, analytics, hospitality, logistics, retail or entrepreneurship.","Executive, Analyst, Accountant/Finance role, Sales/Marketing, Operations or Business Associate.",MBA/M.Com/professional qualification/certifications or specialization.,Trainee/Executive → Associate/Analyst → Senior Professional → Manager/Consultant → Director/Partner/Entrepreneur.,Office/campus/lab/site/field/studio/service/workshop or mixed settings depending on the role.,Usually 3–4 years after Class 12; professional programmes may be longer,"Public institutions can be roughly ₹25,000–₹2,00,000 total; private institutions commonly range from ₹1,50,000–₹8,00,000+ depending on programme.","National Scholarship Portal (NSP), state scholarships, institution merit/need aid and eligible category-specific schemes; eligibility must be checked for the exact course and institute.","Government, banking/finance, business services, education, media, legal/business services + private companies and entrepreneurship.","Clear qualification pathway, multiple specialization choices and opportunities to build experience or move into leadership/entrepreneurship.","Admission competition, changing skill requirements and the need to choose a recognized course/institute carefully.","This path teaches you how organizations, customers, money and operations work in B.Com (Taxation).","MVP seed — verify exact eligibility, fees, exam rules and local admissions before public launch.",2026-09-26
39,ba-psychology,B,Commerce + Humanities,BA (Psychology),"BA (Psychology) studies people, society, language, public systems, ideas, culture or social behaviour.","Students who like reading, writing, communication, society, history, people and critical thinking.",10th → Humanities/Arts is a natural route; many universities also accept other streams. → CUET-UG/university admission; professional-body exams for CA/CS/CMA; CLAT for law where applicable. → BA or integrated professional programme relevant to the field. → entry-level role → higher growth,Humanities/Arts is a natural route; many universities also accept other streams.,CUET-UG/university admission; professional-body exams for CA/CS/CMA; CLAT for law where applicable.,BA or integrated professional programme relevant to the field.,"Core subject theory, research methods, communication, social science and project work.","Reading, writing, communication, research, critical thinking and presentation.","Research, policy, media, education, counselling, public administration, social development or law-related areas.","Research Assistant, Content/Media professional, Policy/Administrative roles, Educator or Social-sector professional.","MA, MSW, MBA, LLB/LLM where eligible, NET/PhD or professional certifications.",Trainee/Executive → Associate/Analyst → Senior Professional → Manager/Consultant → Director/Partner/Entrepreneur.,Office/campus/lab/site/field/studio/service/workshop or mixed settings depending on the role.,Usually 3–4 years after Class 12; professional programmes may be longer,"Public institutions can be roughly ₹25,000–₹2,00,000 total; private institutions commonly range from ₹1,50,000–₹8,00,000+ depending on programme.","National Scholarship Portal (NSP), state scholarships, institution merit/need aid and eligible category-specific schemes; eligibility must be checked for the exact course and institute.","Government, banking/finance, business services, education, media, legal/business services + private companies and entrepreneurship.","Clear qualification pathway, multiple specialization choices and opportunities to build experience or move into leadership/entrepreneurship.","Admission competition, changing skill requirements and the need to choose a recognized course/institute carefully.","This path helps you understand people, society and ideas and turn that knowledge into a career.","MVP seed — verify exact eligibility, fees, exam rules and local admissions before public launch.",2026-09-26
40,ba-sociology,B,Commerce + Humanities,BA (Sociology),"BA (Sociology) studies people, society, language, public systems, ideas, culture or social behaviour.","Students who like reading, writing, communication, society, history, people and critical thinking.",10th → Humanities/Arts is a natural route; many universities also accept other streams. → CUET-UG/university admission; professional-body exams for CA/CS/CMA; CLAT for law where applicable. → BA or integrated professional programme relevant to the field. → entry-level role → higher growth,Humanities/Arts is a natural route; many universities also accept other streams.,CUET-UG/university admission; professional-body exams for CA/CS/CMA; CLAT for law where applicable.,BA or integrated professional programme relevant to the field.,"Core subject theory, research methods, communication, social science and project work.","Reading, writing, communication, research, critical thinking and presentation.","Research, policy, media, education, counselling, public administration, social development or law-related areas.","Research Assistant, Content/Media professional, Policy/Administrative roles, Educator or Social-sector professional.","MA, MSW, MBA, LLB/LLM where eligible, NET/PhD or professional certifications.",Trainee/Executive → Associate/Analyst → Senior Professional → Manager/Consultant → Director/Partner/Entrepreneur.,Office/campus/lab/site/field/studio/service/workshop or mixed settings depending on the role.,Usually 3–4 years after Class 12; professional programmes may be longer,"Public institutions can be roughly ₹25,000–₹2,00,000 total; private institutions commonly range from ₹1,50,000–₹8,00,000+ depending on programme.","National Scholarship Portal (NSP), state scholarships, institution merit/need aid and eligible category-specific schemes; eligibility must be checked for the exact course and institute.","Government, banking/finance, business services, education, media, legal/business services + private companies and entrepreneurship.","Clear qualification pathway, multiple specialization choices and opportunities to build experience or move into leadership/entrepreneurship.","Admission competition, changing skill requirements and the need to choose a recognized course/institute carefully.","This path helps you understand people, society and ideas and turn that knowledge into a career.","MVP seed — verify exact eligibility, fees, exam rules and local admissions before public launch.",2026-09-26
41,ba-geography,B,Commerce + Humanities,BA (Geography),"BA (Geography) studies people, society, language, public systems, ideas, culture or social behaviour.","Students who like reading, writing, communication, society, history, people and critical thinking.",10th → Humanities/Arts is a natural route; many universities also accept other streams. → CUET-UG/university admission; professional-body exams for CA/CS/CMA; CLAT for law where applicable. → BA or integrated professional programme relevant to the field. → entry-level role → higher growth,Humanities/Arts is a natural route; many universities also accept other streams.,CUET-UG/university admission; professional-body exams for CA/CS/CMA; CLAT for law where applicable.,BA or integrated professional programme relevant to the field.,"Core subject theory, research methods, communication, social science and project work.","Reading, writing, communication, research, critical thinking and presentation.","Research, policy, media, education, counselling, public administration, social development or law-related areas.","Research Assistant, Content/Media professional, Policy/Administrative roles, Educator or Social-sector professional.","MA, MSW, MBA, LLB/LLM where eligible, NET/PhD or professional certifications.",Trainee/Executive → Associate/Analyst → Senior Professional → Manager/Consultant → Director/Partner/Entrepreneur.,Office/campus/lab/site/field/studio/service/workshop or mixed settings depending on the role.,Usually 3–4 years after Class 12; professional programmes may be longer,"Public institutions can be roughly ₹25,000–₹2,00,000 total; private institutions commonly range from ₹1,50,000–₹8,00,000+ depending on programme.","National Scholarship Portal (NSP), state scholarships, institution merit/need aid and eligible category-specific schemes; eligibility must be checked for the exact course and institute.","Government, banking/finance, business services, education, media, legal/business services + private companies and entrepreneurship.","Clear qualification pathway, multiple specialization choices and opportunities to build experience or move into leadership/entrepreneurship.","Admission competition, changing skill requirements and the need to choose a recognized course/institute carefully.","This path helps you understand people, society and ideas and turn that knowledge into a career.","MVP seed — verify exact eligibility, fees, exam rules and local admissions before public launch.",2026-09-26
42,ba-public-administration,B,Commerce + Humanities,BA (Public Administration),"BA (Public Administration) studies people, society, language, public systems, ideas, culture or social behaviour.","Students who like reading, writing, communication, society, history, people and critical thinking.",10th → Humanities/Arts is a natural route; many universities also accept other streams. → CUET-UG/university admission; professional-body exams for CA/CS/CMA; CLAT for law where applicable. → BA or integrated professional programme relevant to the field. → entry-level role → higher growth,Humanities/Arts is a natural route; many universities also accept other streams.,CUET-UG/university admission; professional-body exams for CA/CS/CMA; CLAT for law where applicable.,BA or integrated professional programme relevant to the field.,"Core subject theory, research methods, communication, social science and project work.","Reading, writing, communication, research, critical thinking and presentation.","Research, policy, media, education, counselling, public administration, social development or law-related areas.","Research Assistant, Content/Media professional, Policy/Administrative roles, Educator or Social-sector professional.","MA, MSW, MBA, LLB/LLM where eligible, NET/PhD or professional certifications.",Trainee/Executive → Associate/Analyst → Senior Professional → Manager/Consultant → Director/Partner/Entrepreneur.,Office/campus/lab/site/field/studio/service/workshop or mixed settings depending on the role.,Usually 3–4 years after Class 12; professional programmes may be longer,"Public institutions can be roughly ₹25,000–₹2,00,000 total; private institutions commonly range from ₹1,50,000–₹8,00,000+ depending on programme.","National Scholarship Portal (NSP), state scholarships, institution merit/need aid and eligible category-specific schemes; eligibility must be checked for the exact course and institute.","Government, banking/finance, business services, education, media, legal/business services + private companies and entrepreneurship.","Clear qualification pathway, multiple specialization choices and opportunities to build experience or move into leadership/entrepreneurship.","Admission competition, changing skill requirements and the need to choose a recognized course/institute carefully.","This path helps you understand people, society and ideas and turn that knowledge into a career.","MVP seed — verify exact eligibility, fees, exam rules and local admissions before public launch.",2026-09-26
43,ba-journalism-mass-media,B,Commerce + Humanities,BA (Journalism & Mass Media),"BA (Journalism & Mass Media) studies people, society, language, public systems, ideas, culture or social behaviour.","Students who like reading, writing, communication, society, history, people and critical thinking.",10th → Humanities/Arts is a natural route; many universities also accept other streams. → CUET-UG/university admission; professional-body exams for CA/CS/CMA; CLAT for law where applicable. → BA or integrated professional programme relevant to the field. → entry-level role → higher growth,Humanities/Arts is a natural route; many universities also accept other streams.,CUET-UG/university admission; professional-body exams for CA/CS/CMA; CLAT for law where applicable.,BA or integrated professional programme relevant to the field.,"Core subject theory, research methods, communication, social science and project work.","Reading, writing, communication, research, critical thinking and presentation.","Research, policy, media, education, counselling, public administration, social development or law-related areas.","Research Assistant, Content/Media professional, Policy/Administrative roles, Educator or Social-sector professional.","MA, MSW, MBA, LLB/LLM where eligible, NET/PhD or professional certifications.",Trainee/Executive → Associate/Analyst → Senior Professional → Manager/Consultant → Director/Partner/Entrepreneur.,Office/campus/lab/site/field/studio/service/workshop or mixed settings depending on the role.,Usually 3–4 years after Class 12; professional programmes may be longer,"Public institutions can be roughly ₹25,000–₹2,00,000 total; private institutions commonly range from ₹1,50,000–₹8,00,000+ depending on programme.","National Scholarship Portal (NSP), state scholarships, institution merit/need aid and eligible category-specific schemes; eligibility must be checked for the exact course and institute.","Government, banking/finance, business services, education, media, legal/business services + private companies and entrepreneurship.","Clear qualification pathway, multiple specialization choices and opportunities to build experience or move into leadership/entrepreneurship.","Admission competition, changing skill requirements and the need to choose a recognized course/institute carefully.","This path helps you understand people, society and ideas and turn that knowledge into a career.","MVP seed — verify exact eligibility, fees, exam rules and local admissions before public launch.",2026-09-26
44,ba-fine-arts,B,Commerce + Humanities,BA (Fine Arts),"BA (Fine Arts) is a creative career focused on visual communication, storytelling, design, performance or digital media.","Students who enjoy drawing, making things, storytelling, fashion, media, design or performance.","10th → Often open to multiple streams; portfolio and aptitude can matter more than a particular stream. → NIFT/NID or institute portfolio/aptitude process where applicable; many private courses have no national exam. → Certificate/diploma/degree in design, media, fine arts, animation or a related discipline. → entry-level role → higher growth",Often open to multiple streams; portfolio and aptitude can matter more than a particular stream.,NIFT/NID or institute portfolio/aptitude process where applicable; many private courses have no national exam.,"Certificate/diploma/degree in design, media, fine arts, animation or a related discipline.","Design principles, software/tools, visual communication, portfolio work and project practice.","Creativity, portfolio building, communication, software/tool proficiency and client understanding.","Branding, UX/UI, animation, VFX, fashion, interiors, illustration, film or content.","Designer, Animator, Editor, Content/Media professional, Art/Creative Associate or Freelancer.","PG design/media/arts programme, specialist certifications or professional portfolio development.",Trainee/Executive → Associate/Analyst → Senior Professional → Manager/Consultant → Director/Partner/Entrepreneur.,Office/campus/lab/site/field/studio/service/workshop or mixed settings depending on the role.,Usually 3–4 years after Class 12; professional programmes may be longer,"Public institutions can be roughly ₹25,000–₹2,00,000 total; private institutions commonly range from ₹1,50,000–₹8,00,000+ depending on programme.","National Scholarship Portal (NSP), state scholarships, institution merit/need aid and eligible category-specific schemes; eligibility must be checked for the exact course and institute.","Government, banking/finance, business services, education, media, legal/business services + private companies and entrepreneurship.","Clear qualification pathway, multiple specialization choices and opportunities to build experience or move into leadership/entrepreneurship.","Admission competition, changing skill requirements and the need to choose a recognized course/institute carefully.","If you enjoy creating and expressing ideas, BA (Fine Arts) can turn creativity into a professional skill.","MVP seed — verify exact eligibility, fees, exam rules and local admissions before public launch.",2026-09-26
45,ba-law-integrated,B,Commerce + Humanities,BA (Law Integrated),"BA (Law Integrated) studies people, society, language, public systems, ideas, culture or social behaviour.","Students who like reading, writing, communication, society, history, people and critical thinking.","10th → Humanities/Arts is a natural route; many universities also accept other streams. → CLAT or university/state law entrance, depending on institution. → BA or integrated professional programme relevant to the field. → entry-level role → higher growth",Humanities/Arts is a natural route; many universities also accept other streams.,"CLAT or university/state law entrance, depending on institution.",BA or integrated professional programme relevant to the field.,"Core subject theory, research methods, communication, social science and project work.","Reading, writing, communication, research, critical thinking and presentation.","Research, policy, media, education, counselling, public administration, social development or law-related areas.","Research Assistant, Content/Media professional, Policy/Administrative roles, Educator or Social-sector professional.","MA, MSW, MBA, LLB/LLM where eligible, NET/PhD or professional certifications.",Trainee/Executive → Associate/Analyst → Senior Professional → Manager/Consultant → Director/Partner/Entrepreneur.,Office/campus/lab/site/field/studio/service/workshop or mixed settings depending on the role.,Usually 3–4 years after Class 12; professional programmes may be longer,"Public institutions can be roughly ₹25,000–₹2,00,000 total; private institutions commonly range from ₹1,50,000–₹8,00,000+ depending on programme.","National Scholarship Portal (NSP), state scholarships, institution merit/need aid and eligible category-specific schemes; eligibility must be checked for the exact course and institute.","Government, banking/finance, business services, education, media, legal/business services + private companies and entrepreneurship.","Clear qualification pathway, multiple specialization choices and opportunities to build experience or move into leadership/entrepreneurship.","Admission competition, changing skill requirements and the need to choose a recognized course/institute carefully.","This path helps you understand people, society and ideas and turn that knowledge into a career.","MVP seed — verify exact eligibility, fees, exam rules and local admissions before public launch.",2026-09-26
46,b-des-design,B,Commerce + Humanities,B.Des (Design),"B.Des (Design) is a creative career focused on visual communication, storytelling, design, performance or digital media.","Students who enjoy drawing, making things, storytelling, fashion, media, design or performance.",10th → 11th–12th any suitable stream → design entrance/portfolio → B.Des → specialization → design role,Often open to multiple streams; check institute eligibility,"NID DAT/NIFT or institute-specific design entrance/portfolio process, where applicable",B.Des or related design degree,"Design fundamentals, visual communication, user research, drawing, prototyping and digital tools","Creativity, observation, sketching, design thinking, communication and portfolio building","UX/UI, product, communication, fashion, interaction, animation and service design","Product Designer, UX/UI Designer, Visual Designer, Design Researcher, Creative Associate","M.Des, MBA, specialist design certifications or professional portfolio development",Design Intern → Junior Designer → Designer → Senior/Lead → Design Manager/Director or Freelancer,"Design studios, product companies, agencies, startups or freelance/remote settings",Usually 3–4 years after Class 12; professional programmes may be longer,"Public institutions can be roughly ₹25,000–₹2,00,000 total; private institutions commonly range from ₹1,50,000–₹8,00,000+ depending on programme.","National Scholarship Portal (NSP), state scholarships, institution merit/need aid and eligible category-specific schemes; eligibility must be checked for the exact course and institute.","Government, banking/finance, business services, education, media, legal/business services + private companies and entrepreneurship.",Creative career with strong portfolio-based mobility across industries,Portfolio quality matters; feedback and competition can be intense,"Design is about understanding people's needs and creating useful, attractive products, services or experiences.","MVP seed — verify exact eligibility, fees, exam rules and local admissions before public launch.",2026-09-26
47,hotel-management-bhm,B,Commerce + Humanities,Hotel Management (BHM),"Hotel Management (BHM) develops knowledge of business operations, customers, money, management, services or organizations.","Students who enjoy business, numbers, communication, organizing activities or working with people.","10th → Commerce is useful, but many programmes accept Humanities/Science depending on institution. → CUET-UG/university admission; professional-body exams for CA/CS/CMA; CLAT for law where applicable. → B.Com/BBA/BMS/BHM or relevant diploma/certificate/professional programme. → entry-level role → higher growth","Commerce is useful, but many programmes accept Humanities/Science depending on institution.",CUET-UG/university admission; professional-body exams for CA/CS/CMA; CLAT for law where applicable.,B.Com/BBA/BMS/BHM or relevant diploma/certificate/professional programme.,"Accounting, economics, management, marketing, finance, communication and business law as applicable.","Communication, numeracy, organization, sales/customer skills, teamwork and decision-making.","Finance, marketing, HR, operations, analytics, hospitality, logistics, retail or entrepreneurship.","Executive, Analyst, Accountant/Finance role, Sales/Marketing, Operations or Business Associate.",MBA/M.Com/professional qualification/certifications or specialization.,Trainee/Executive → Associate/Analyst → Senior Professional → Manager/Consultant → Director/Partner/Entrepreneur.,Office/campus/lab/site/field/studio/service/workshop or mixed settings depending on the role.,Usually 3–4 years after Class 12; professional programmes may be longer,"Public institutions can be roughly ₹25,000–₹2,00,000 total; private institutions commonly range from ₹1,50,000–₹8,00,000+ depending on programme.","National Scholarship Portal (NSP), state scholarships, institution merit/need aid and eligible category-specific schemes; eligibility must be checked for the exact course and institute.","Government, banking/finance, business services, education, media, legal/business services + private companies and entrepreneurship.","Clear qualification pathway, multiple specialization choices and opportunities to build experience or move into leadership/entrepreneurship.","Admission competition, changing skill requirements and the need to choose a recognized course/institute carefully.","This path teaches you how organizations, customers, money and operations work in Hotel Management (BHM).","MVP seed — verify exact eligibility, fees, exam rules and local admissions before public launch.",2026-09-26
48,cma-cost-management-accounting,B,Commerce + Humanities,CMA (Cost & Management Accounting),"CMA (Cost & Management Accounting) develops knowledge of business operations, customers, money, management, services or organizations.","Students who enjoy business, numbers, communication, organizing activities or working with people.","10th → Commerce is useful, but many programmes accept Humanities/Science depending on institution. → Professional-body entrance/stages after Class 12; check ICAI/ICSI/ICMAI rules. → B.Com/BBA/BMS/BHM or relevant diploma/certificate/professional programme. → entry-level role → higher growth","Commerce is useful, but many programmes accept Humanities/Science depending on institution.",Professional-body entrance/stages after Class 12; check ICAI/ICSI/ICMAI rules.,B.Com/BBA/BMS/BHM or relevant diploma/certificate/professional programme.,"Accounting, economics, management, marketing, finance, communication and business law as applicable.","Communication, numeracy, organization, sales/customer skills, teamwork and decision-making.","Finance, marketing, HR, operations, analytics, hospitality, logistics, retail or entrepreneurship.","Executive, Analyst, Accountant/Finance role, Sales/Marketing, Operations or Business Associate.",MBA/M.Com/professional qualification/certifications or specialization.,Trainee/Executive → Associate/Analyst → Senior Professional → Manager/Consultant → Director/Partner/Entrepreneur.,Office/campus/lab/site/field/studio/service/workshop or mixed settings depending on the role.,Varies by pace and professional stages; commonly several years after Class 12,"Public institutions can be roughly ₹25,000–₹2,00,000 total; private institutions commonly range from ₹1,50,000–₹8,00,000+ depending on programme.","National Scholarship Portal (NSP), state scholarships, institution merit/need aid and eligible category-specific schemes; eligibility must be checked for the exact course and institute.","Government, banking/finance, business services, education, media, legal/business services + private companies and entrepreneurship.","Clear qualification pathway, multiple specialization choices and opportunities to build experience or move into leadership/entrepreneurship.","Admission competition, changing skill requirements and the need to choose a recognized course/institute carefully.","This path teaches you how organizations, customers, money and operations work in CMA (Cost & Management Accounting).","MVP seed — verify exact eligibility, fees, exam rules and local admissions before public launch.",2026-09-26
49,b-com-banking-insurance,B,Commerce + Humanities,B.Com (Banking & Insurance),"B.Com (Banking & Insurance) develops knowledge of business operations, customers, money, management, services or organizations.","Students who enjoy business, numbers, communication, organizing activities or working with people.","10th → Commerce is useful, but many programmes accept Humanities/Science depending on institution. → CUET-UG/university admission; professional-body exams for CA/CS/CMA; CLAT for law where applicable. → B.Com/BBA/BMS/BHM or relevant diploma/certificate/professional programme. → entry-level role → higher growth","Commerce is useful, but many programmes accept Humanities/Science depending on institution.",CUET-UG/university admission; professional-body exams for CA/CS/CMA; CLAT for law where applicable.,B.Com/BBA/BMS/BHM or relevant diploma/certificate/professional programme.,"Accounting, economics, management, marketing, finance, communication and business law as applicable.","Communication, numeracy, organization, sales/customer skills, teamwork and decision-making.","Finance, marketing, HR, operations, analytics, hospitality, logistics, retail or entrepreneurship.","Executive, Analyst, Accountant/Finance role, Sales/Marketing, Operations or Business Associate.",MBA/M.Com/professional qualification/certifications or specialization.,Trainee/Executive → Associate/Analyst → Senior Professional → Manager/Consultant → Director/Partner/Entrepreneur.,Office/campus/lab/site/field/studio/service/workshop or mixed settings depending on the role.,Usually 3–4 years after Class 12; professional programmes may be longer,"Public institutions can be roughly ₹25,000–₹2,00,000 total; private institutions commonly range from ₹1,50,000–₹8,00,000+ depending on programme.","National Scholarship Portal (NSP), state scholarships, institution merit/need aid and eligible category-specific schemes; eligibility must be checked for the exact course and institute.","Government, banking/finance, business services, education, media, legal/business services + private companies and entrepreneurship.","Clear qualification pathway, multiple specialization choices and opportunities to build experience or move into leadership/entrepreneurship.","Admission competition, changing skill requirements and the need to choose a recognized course/institute carefully.","This path teaches you how organizations, customers, money and operations work in B.Com (Banking & Insurance).","MVP seed — verify exact eligibility, fees, exam rules and local admissions before public launch.",2026-09-26
50,bachelor-of-social-work,B,Commerce + Humanities,Bachelor of Social Work,"Bachelor of Social Work studies people, society, language, public systems, ideas, culture or social behaviour.","Students who like reading, writing, communication, society, history, people and critical thinking.",10th → Humanities/Arts is a natural route; many universities also accept other streams. → CUET-UG/university admission; professional-body exams for CA/CS/CMA; CLAT for law where applicable. → BA or integrated professional programme relevant to the field. → entry-level role → higher growth,Humanities/Arts is a natural route; many universities also accept other streams.,CUET-UG/university admission; professional-body exams for CA/CS/CMA; CLAT for law where applicable.,BA or integrated professional programme relevant to the field.,"Core subject theory, research methods, communication, social science and project work.","Reading, writing, communication, research, critical thinking and presentation.","Research, policy, media, education, counselling, public administration, social development or law-related areas.","Research Assistant, Content/Media professional, Policy/Administrative roles, Educator or Social-sector professional.","MA, MSW, MBA, LLB/LLM where eligible, NET/PhD or professional certifications.",Trainee/Executive → Associate/Analyst → Senior Professional → Manager/Consultant → Director/Partner/Entrepreneur.,Office/campus/lab/site/field/studio/service/workshop or mixed settings depending on the role.,Usually 3–4 years after Class 12; professional programmes may be longer,"Public institutions can be roughly ₹25,000–₹2,00,000 total; private institutions commonly range from ₹1,50,000–₹8,00,000+ depending on programme.","National Scholarship Portal (NSP), state scholarships, institution merit/need aid and eligible category-specific schemes; eligibility must be checked for the exact course and institute.","Government, banking/finance, business services, education, media, legal/business services + private companies and entrepreneurship.","Clear qualification pathway, multiple specialization choices and opportunities to build experience or move into leadership/entrepreneurship.","Admission competition, changing skill requirements and the need to choose a recognized course/institute carefully.","This path helps you understand people, society and ideas and turn that knowledge into a career.","MVP seed — verify exact eligibility, fees, exam rules and local admissions before public launch.",2026-09-26
51,retail-management,C,School Skill / Vocational,Retail Management,"Retail Management focuses on using computing, digital systems or data to build and improve technology solutions.","Students who enjoy computers, logic, problem-solving, mathematics and learning new technology.",10th → Short-term skill/vocational course → Retail Management skill certification → portfolio/apprenticeship → entry-level job or self-employment,MPC/Science is the strongest route for engineering; other computing degrees may accept different streams.,"Usually no national entrance; institute/state skill admission, aptitude test or interview may apply.","Relevant degree/diploma/certificate in computing, IT, software, AI, data or cybersecurity.","Programming, databases, algorithms, computer systems, networking, mathematics/statistics and project work.","Logical thinking, coding or digital tools, problem-solving, communication and continuous learning.","AI/ML, cloud, cybersecurity, data, web/mobile, DevOps, automation or product technology.","Developer, IT Engineer, Data/AI role, Cloud/Support Engineer, Security Analyst or digital specialist.","M.Tech/M.S./MCA/MBA, advanced certifications, specialization or research.",Trainee → Junior → Skilled Professional → Senior/Team Lead → Specialist/Manager or Self-employed.,Office/campus/lab/site/field/studio/service/workshop or mixed settings depending on the role.,About 3 months–2 years depending on course,"Roughly ₹2,000–₹1,00,000 depending on provider, duration, equipment and certification.","National Scholarship Portal (NSP), state scholarships, institution merit/need aid and eligible category-specific schemes; eligibility must be checked for the exact course and institute.","Private employers, service businesses, agencies, hotels/clinics/studios, freelance work and self-employment.","Clear qualification pathway, multiple specialization choices and opportunities to build experience or move into leadership/entrepreneurship.","Admission competition, changing skill requirements and the need to choose a recognized course/institute carefully.","If you like technology and want to solve real problems using digital tools, Retail Management can be a good path.","MVP seed — verify exact eligibility, fees, exam rules and local admissions before public launch.",2026-09-26
52,web-development,C,School Skill / Vocational,Web Development,"Web Development focuses on using computing, digital systems or data to build and improve technology solutions.","Students who enjoy computers, logic, problem-solving, mathematics and learning new technology.",10th → Short-term skill/vocational course → Web Development skill certification → portfolio/apprenticeship → entry-level job or self-employment,MPC/Science is the strongest route for engineering; other computing degrees may accept different streams.,"Usually no national entrance; institute/state skill admission, aptitude test or interview may apply.","Relevant degree/diploma/certificate in computing, IT, software, AI, data or cybersecurity.","Programming, databases, algorithms, computer systems, networking, mathematics/statistics and project work.","Logical thinking, coding or digital tools, problem-solving, communication and continuous learning.","AI/ML, cloud, cybersecurity, data, web/mobile, DevOps, automation or product technology.","Developer, IT Engineer, Data/AI role, Cloud/Support Engineer, Security Analyst or digital specialist.","M.Tech/M.S./MCA/MBA, advanced certifications, specialization or research.",Trainee → Junior → Skilled Professional → Senior/Team Lead → Specialist/Manager or Self-employed.,Office/campus/lab/site/field/studio/service/workshop or mixed settings depending on the role.,About 3 months–2 years depending on course,"Roughly ₹2,000–₹1,00,000 depending on provider, duration, equipment and certification.","National Scholarship Portal (NSP), state scholarships, institution merit/need aid and eligible category-specific schemes; eligibility must be checked for the exact course and institute.","Private employers, service businesses, agencies, hotels/clinics/studios, freelance work and self-employment.","Clear qualification pathway, multiple specialization choices and opportunities to build experience or move into leadership/entrepreneurship.","Admission competition, changing skill requirements and the need to choose a recognized course/institute carefully.","If you like technology and want to solve real problems using digital tools, Web Development can be a good path.","MVP seed — verify exact eligibility, fees, exam rules and local admissions before public launch.",2026-09-26
53,digital-marketing,C,School Skill / Vocational,Digital Marketing,Digital Marketing is a structured career/education pathway that can lead from Class 10 to a job or higher study.,Students who are interested in this subject and are ready to build the required academic and practical skills.,10th → Short-term skill/vocational course → Digital Marketing skill certification → portfolio/apprenticeship → entry-level job or self-employment,Depends on the exact qualification; check current eligibility before admission.,"Usually no national entrance; institute/state skill admission, aptitude test or interview may apply.","Relevant certificate, diploma or degree programme.",Core theory plus practical/project work related to the field.,"Communication, problem-solving, digital literacy, teamwork and field-specific skills.",Specializations depend on the chosen institution and programme.,"Entry-level roles related to the qualification, with experience-based progression.","Advanced diploma, degree, PG study or professional certification as applicable.",Trainee → Junior → Skilled Professional → Senior/Team Lead → Specialist/Manager or Self-employed.,Office/campus/lab/site/field/studio/service/workshop or mixed settings depending on the role.,About 3 months–2 years depending on course,"Roughly ₹2,000–₹1,00,000 depending on provider, duration, equipment and certification.","National Scholarship Portal (NSP), state scholarships, institution merit/need aid and eligible category-specific schemes; eligibility must be checked for the exact course and institute.","Private employers, service businesses, agencies, hotels/clinics/studios, freelance work and self-employment.","Clear qualification pathway, multiple specialization choices and opportunities to build experience or move into leadership/entrepreneurship.","Admission competition, changing skill requirements and the need to choose a recognized course/institute carefully.",This is a step-by-step route to build skills and qualifications for Digital Marketing.,"MVP seed — verify exact eligibility, fees, exam rules and local admissions before public launch.",2026-09-26
54,graphic-designing,C,School Skill / Vocational,Graphic Designing,"Graphic Designing is a creative career focused on visual communication, storytelling, design, performance or digital media.","Students who enjoy drawing, making things, storytelling, fashion, media, design or performance.",10th → Short-term skill/vocational course → Graphic Designing skill certification → portfolio/apprenticeship → entry-level job or self-employment,Often open to multiple streams; portfolio and aptitude can matter more than a particular stream.,NIFT/NID or institute portfolio/aptitude process where applicable; many private courses have no national exam.,"Certificate/diploma/degree in design, media, fine arts, animation or a related discipline.","Design principles, software/tools, visual communication, portfolio work and project practice.","Creativity, portfolio building, communication, software/tool proficiency and client understanding.","Branding, UX/UI, animation, VFX, fashion, interiors, illustration, film or content.","Designer, Animator, Editor, Content/Media professional, Art/Creative Associate or Freelancer.","PG design/media/arts programme, specialist certifications or professional portfolio development.",Trainee → Junior → Skilled Professional → Senior/Team Lead → Specialist/Manager or Self-employed.,Office/campus/lab/site/field/studio/service/workshop or mixed settings depending on the role.,About 3 months–2 years depending on course,"Roughly ₹2,000–₹1,00,000 depending on provider, duration, equipment and certification.","National Scholarship Portal (NSP), state scholarships, institution merit/need aid and eligible category-specific schemes; eligibility must be checked for the exact course and institute.","Private employers, service businesses, agencies, hotels/clinics/studios, freelance work and self-employment.","Clear qualification pathway, multiple specialization choices and opportunities to build experience or move into leadership/entrepreneurship.","Admission competition, changing skill requirements and the need to choose a recognized course/institute carefully.","If you enjoy creating and expressing ideas, Graphic Designing can turn creativity into a professional skill.","MVP seed — verify exact eligibility, fees, exam rules and local admissions before public launch.",2026-09-26
55,animation-vfx,C,School Skill / Vocational,Animation & VFX,"Animation & VFX is a creative career focused on visual communication, storytelling, design, performance or digital media.","Students who enjoy drawing, making things, storytelling, fashion, media, design or performance.",10th → Short-term skill/vocational course → Animation & VFX skill certification → portfolio/apprenticeship → entry-level job or self-employment,Often open to multiple streams; portfolio and aptitude can matter more than a particular stream.,NIFT/NID or institute portfolio/aptitude process where applicable; many private courses have no national exam.,"Certificate/diploma/degree in design, media, fine arts, animation or a related discipline.","Design principles, software/tools, visual communication, portfolio work and project practice.","Creativity, portfolio building, communication, software/tool proficiency and client understanding.","Branding, UX/UI, animation, VFX, fashion, interiors, illustration, film or content.","Designer, Animator, Editor, Content/Media professional, Art/Creative Associate or Freelancer.","PG design/media/arts programme, specialist certifications or professional portfolio development.",Trainee → Junior → Skilled Professional → Senior/Team Lead → Specialist/Manager or Self-employed.,Office/campus/lab/site/field/studio/service/workshop or mixed settings depending on the role.,About 3 months–2 years depending on course,"Roughly ₹2,000–₹1,00,000 depending on provider, duration, equipment and certification.","National Scholarship Portal (NSP), state scholarships, institution merit/need aid and eligible category-specific schemes; eligibility must be checked for the exact course and institute.","Private employers, service businesses, agencies, hotels/clinics/studios, freelance work and self-employment.","Clear qualification pathway, multiple specialization choices and opportunities to build experience or move into leadership/entrepreneurship.","Admission competition, changing skill requirements and the need to choose a recognized course/institute carefully.","If you enjoy creating and expressing ideas, Animation & VFX can turn creativity into a professional skill.","MVP seed — verify exact eligibility, fees, exam rules and local admissions before public launch.",2026-09-26
56,interior-designing,C,School Skill / Vocational,Interior Designing,"Interior Designing is a creative career focused on visual communication, storytelling, design, performance or digital media.","Students who enjoy drawing, making things, storytelling, fashion, media, design or performance.",10th → Short-term skill/vocational course → Interior Designing skill certification → portfolio/apprenticeship → entry-level job or self-employment,Often open to multiple streams; portfolio and aptitude can matter more than a particular stream.,NIFT/NID or institute portfolio/aptitude process where applicable; many private courses have no national exam.,"Certificate/diploma/degree in design, media, fine arts, animation or a related discipline.","Design principles, software/tools, visual communication, portfolio work and project practice.","Creativity, portfolio building, communication, software/tool proficiency and client understanding.","Branding, UX/UI, animation, VFX, fashion, interiors, illustration, film or content.","Designer, Animator, Editor, Content/Media professional, Art/Creative Associate or Freelancer.","PG design/media/arts programme, specialist certifications or professional portfolio development.",Trainee → Junior → Skilled Professional → Senior/Team Lead → Specialist/Manager or Self-employed.,Office/campus/lab/site/field/studio/service/workshop or mixed settings depending on the role.,About 3 months–2 years depending on course,"Roughly ₹2,000–₹1,00,000 depending on provider, duration, equipment and certification.","National Scholarship Portal (NSP), state scholarships, institution merit/need aid and eligible category-specific schemes; eligibility must be checked for the exact course and institute.","Private employers, service businesses, agencies, hotels/clinics/studios, freelance work and self-employment.","Clear qualification pathway, multiple specialization choices and opportunities to build experience or move into leadership/entrepreneurship.","Admission competition, changing skill requirements and the need to choose a recognized course/institute carefully.","If you enjoy creating and expressing ideas, Interior Designing can turn creativity into a professional skill.","MVP seed — verify exact eligibility, fees, exam rules and local admissions before public launch.",2026-09-26
57,fashion-designing,C,School Skill / Vocational,Fashion Designing,"Fashion Designing is a creative career focused on visual communication, storytelling, design, performance or digital media.","Students who enjoy drawing, making things, storytelling, fashion, media, design or performance.",10th → Short-term skill/vocational course → Fashion Designing skill certification → portfolio/apprenticeship → entry-level job or self-employment,Often open to multiple streams; portfolio and aptitude can matter more than a particular stream.,NIFT/NID or institute portfolio/aptitude process where applicable; many private courses have no national exam.,"Certificate/diploma/degree in design, media, fine arts, animation or a related discipline.","Design principles, software/tools, visual communication, portfolio work and project practice.","Creativity, portfolio building, communication, software/tool proficiency and client understanding.","Branding, UX/UI, animation, VFX, fashion, interiors, illustration, film or content.","Designer, Animator, Editor, Content/Media professional, Art/Creative Associate or Freelancer.","PG design/media/arts programme, specialist certifications or professional portfolio development.",Trainee → Junior → Skilled Professional → Senior/Team Lead → Specialist/Manager or Self-employed.,Office/campus/lab/site/field/studio/service/workshop or mixed settings depending on the role.,About 3 months–2 years depending on course,"Roughly ₹2,000–₹1,00,000 depending on provider, duration, equipment and certification.","National Scholarship Portal (NSP), state scholarships, institution merit/need aid and eligible category-specific schemes; eligibility must be checked for the exact course and institute.","Private employers, service businesses, agencies, hotels/clinics/studios, freelance work and self-employment.","Clear qualification pathway, multiple specialization choices and opportunities to build experience or move into leadership/entrepreneurship.","Admission competition, changing skill requirements and the need to choose a recognized course/institute carefully.","If you enjoy creating and expressing ideas, Fashion Designing can turn creativity into a professional skill.","MVP seed — verify exact eligibility, fees, exam rules and local admissions before public launch.",2026-09-26
58,beauty-wellness,C,School Skill / Vocational,Beauty & Wellness,Beauty & Wellness is a structured career/education pathway that can lead from Class 10 to a job or higher study.,Students who are interested in this subject and are ready to build the required academic and practical skills.,10th → Short-term skill/vocational course → Beauty & Wellness skill certification → portfolio/apprenticeship → entry-level job or self-employment,Depends on the exact qualification; check current eligibility before admission.,"Usually no national entrance; institute/state skill admission, aptitude test or interview may apply.","Relevant certificate, diploma or degree programme.",Core theory plus practical/project work related to the field.,"Communication, problem-solving, digital literacy, teamwork and field-specific skills.",Specializations depend on the chosen institution and programme.,"Entry-level roles related to the qualification, with experience-based progression.","Advanced diploma, degree, PG study or professional certification as applicable.",Trainee → Junior → Skilled Professional → Senior/Team Lead → Specialist/Manager or Self-employed.,Office/campus/lab/site/field/studio/service/workshop or mixed settings depending on the role.,About 3 months–2 years depending on course,"Roughly ₹2,000–₹1,00,000 depending on provider, duration, equipment and certification.","National Scholarship Portal (NSP), state scholarships, institution merit/need aid and eligible category-specific schemes; eligibility must be checked for the exact course and institute.","Private employers, service businesses, agencies, hotels/clinics/studios, freelance work and self-employment.","Clear qualification pathway, multiple specialization choices and opportunities to build experience or move into leadership/entrepreneurship.","Admission competition, changing skill requirements and the need to choose a recognized course/institute carefully.",This is a step-by-step route to build skills and qualifications for Beauty & Wellness.,"MVP seed — verify exact eligibility, fees, exam rules and local admissions before public launch.",2026-09-26
59,hotel-management-short-term,C,School Skill / Vocational,Hotel Management (Short Term),"Hotel Management (Short Term) develops knowledge of business operations, customers, money, management, services or organizations.","Students who enjoy business, numbers, communication, organizing activities or working with people.",10th → Short-term skill/vocational course → Hotel Management (Short Term) skill certification → portfolio/apprenticeship → entry-level job or self-employment,"Commerce is useful, but many programmes accept Humanities/Science depending on institution.","Usually no national entrance; institute/state skill admission, aptitude test or interview may apply.",B.Com/BBA/BMS/BHM or relevant diploma/certificate/professional programme.,"Accounting, economics, management, marketing, finance, communication and business law as applicable.","Communication, numeracy, organization, sales/customer skills, teamwork and decision-making.","Finance, marketing, HR, operations, analytics, hospitality, logistics, retail or entrepreneurship.","Executive, Analyst, Accountant/Finance role, Sales/Marketing, Operations or Business Associate.",MBA/M.Com/professional qualification/certifications or specialization.,Trainee → Junior → Skilled Professional → Senior/Team Lead → Specialist/Manager or Self-employed.,Office/campus/lab/site/field/studio/service/workshop or mixed settings depending on the role.,About 3 months–2 years depending on course,"Roughly ₹2,000–₹1,00,000 depending on provider, duration, equipment and certification.","National Scholarship Portal (NSP), state scholarships, institution merit/need aid and eligible category-specific schemes; eligibility must be checked for the exact course and institute.","Private employers, service businesses, agencies, hotels/clinics/studios, freelance work and self-employment.","Clear qualification pathway, multiple specialization choices and opportunities to build experience or move into leadership/entrepreneurship.","Admission competition, changing skill requirements and the need to choose a recognized course/institute carefully.","This path teaches you how organizations, customers, money and operations work in Hotel Management (Short Term).","MVP seed — verify exact eligibility, fees, exam rules and local admissions before public launch.",2026-09-26
60,travel-tourism,C,School Skill / Vocational,Travel & Tourism,"Travel & Tourism develops knowledge of business operations, customers, money, management, services or organizations.","Students who enjoy business, numbers, communication, organizing activities or working with people.",10th → Short-term skill/vocational course → Travel & Tourism skill certification → portfolio/apprenticeship → entry-level job or self-employment,"Commerce is useful, but many programmes accept Humanities/Science depending on institution.","Usually no national entrance; institute/state skill admission, aptitude test or interview may apply.",B.Com/BBA/BMS/BHM or relevant diploma/certificate/professional programme.,"Accounting, economics, management, marketing, finance, communication and business law as applicable.","Communication, numeracy, organization, sales/customer skills, teamwork and decision-making.","Finance, marketing, HR, operations, analytics, hospitality, logistics, retail or entrepreneurship.","Executive, Analyst, Accountant/Finance role, Sales/Marketing, Operations or Business Associate.",MBA/M.Com/professional qualification/certifications or specialization.,Trainee → Junior → Skilled Professional → Senior/Team Lead → Specialist/Manager or Self-employed.,Office/campus/lab/site/field/studio/service/workshop or mixed settings depending on the role.,About 3 months–2 years depending on course,"Roughly ₹2,000–₹1,00,000 depending on provider, duration, equipment and certification.","National Scholarship Portal (NSP), state scholarships, institution merit/need aid and eligible category-specific schemes; eligibility must be checked for the exact course and institute.","Private employers, service businesses, agencies, hotels/clinics/studios, freelance work and self-employment.","Clear qualification pathway, multiple specialization choices and opportunities to build experience or move into leadership/entrepreneurship.","Admission competition, changing skill requirements and the need to choose a recognized course/institute carefully.","This path teaches you how organizations, customers, money and operations work in Travel & Tourism.","MVP seed — verify exact eligibility, fees, exam rules and local admissions before public launch.",2026-09-26
61,logistics-supply-chain,C,School Skill / Vocational,Logistics & Supply Chain,"Logistics & Supply Chain focuses on using computing, digital systems or data to build and improve technology solutions.","Students who enjoy computers, logic, problem-solving, mathematics and learning new technology.",10th → Short-term skill/vocational course → Logistics & Supply Chain skill certification → portfolio/apprenticeship → entry-level job or self-employment,MPC/Science is the strongest route for engineering; other computing degrees may accept different streams.,"Usually no national entrance; institute/state skill admission, aptitude test or interview may apply.","Relevant degree/diploma/certificate in computing, IT, software, AI, data or cybersecurity.","Programming, databases, algorithms, computer systems, networking, mathematics/statistics and project work.","Logical thinking, coding or digital tools, problem-solving, communication and continuous learning.","AI/ML, cloud, cybersecurity, data, web/mobile, DevOps, automation or product technology.","Developer, IT Engineer, Data/AI role, Cloud/Support Engineer, Security Analyst or digital specialist.","M.Tech/M.S./MCA/MBA, advanced certifications, specialization or research.",Trainee → Junior → Skilled Professional → Senior/Team Lead → Specialist/Manager or Self-employed.,Office/campus/lab/site/field/studio/service/workshop or mixed settings depending on the role.,About 3 months–2 years depending on course,"Roughly ₹2,000–₹1,00,000 depending on provider, duration, equipment and certification.","National Scholarship Portal (NSP), state scholarships, institution merit/need aid and eligible category-specific schemes; eligibility must be checked for the exact course and institute.","Private employers, service businesses, agencies, hotels/clinics/studios, freelance work and self-employment.","Clear qualification pathway, multiple specialization choices and opportunities to build experience or move into leadership/entrepreneurship.","Admission competition, changing skill requirements and the need to choose a recognized course/institute carefully.","If you like technology and want to solve real problems using digital tools, Logistics & Supply Chain can be a good path.","MVP seed — verify exact eligibility, fees, exam rules and local admissions before public launch.",2026-09-26
62,banking-finance-basic,C,School Skill / Vocational,Banking & Finance (Basic),"Banking & Finance (Basic) develops knowledge of business operations, customers, money, management, services or organizations.","Students who enjoy business, numbers, communication, organizing activities or working with people.",10th → Short-term skill/vocational course → Banking & Finance (Basic) skill certification → portfolio/apprenticeship → entry-level job or self-employment,"Commerce is useful, but many programmes accept Humanities/Science depending on institution.","Usually no national entrance; institute/state skill admission, aptitude test or interview may apply.",B.Com/BBA/BMS/BHM or relevant diploma/certificate/professional programme.,"Accounting, economics, management, marketing, finance, communication and business law as applicable.","Communication, numeracy, organization, sales/customer skills, teamwork and decision-making.","Finance, marketing, HR, operations, analytics, hospitality, logistics, retail or entrepreneurship.","Executive, Analyst, Accountant/Finance role, Sales/Marketing, Operations or Business Associate.",MBA/M.Com/professional qualification/certifications or specialization.,Trainee → Junior → Skilled Professional → Senior/Team Lead → Specialist/Manager or Self-employed.,Office/campus/lab/site/field/studio/service/workshop or mixed settings depending on the role.,About 3 months–2 years depending on course,"Roughly ₹2,000–₹1,00,000 depending on provider, duration, equipment and certification.","National Scholarship Portal (NSP), state scholarships, institution merit/need aid and eligible category-specific schemes; eligibility must be checked for the exact course and institute.","Private employers, service businesses, agencies, hotels/clinics/studios, freelance work and self-employment.","Clear qualification pathway, multiple specialization choices and opportunities to build experience or move into leadership/entrepreneurship.","Admission competition, changing skill requirements and the need to choose a recognized course/institute carefully.","This path teaches you how organizations, customers, money and operations work in Banking & Finance (Basic).","MVP seed — verify exact eligibility, fees, exam rules and local admissions before public launch.",2026-09-26
63,content-writing,C,School Skill / Vocational,Content Writing,"Content Writing is a creative career focused on visual communication, storytelling, design, performance or digital media.","Students who enjoy drawing, making things, storytelling, fashion, media, design or performance.",10th → Short-term skill/vocational course → Content Writing skill certification → portfolio/apprenticeship → entry-level job or self-employment,Often open to multiple streams; portfolio and aptitude can matter more than a particular stream.,"Usually no national entrance; institute/state skill admission, aptitude test or interview may apply.","Certificate/diploma/degree in design, media, fine arts, animation or a related discipline.","Design principles, software/tools, visual communication, portfolio work and project practice.","Creativity, portfolio building, communication, software/tool proficiency and client understanding.","Branding, UX/UI, animation, VFX, fashion, interiors, illustration, film or content.","Designer, Animator, Editor, Content/Media professional, Art/Creative Associate or Freelancer.","PG design/media/arts programme, specialist certifications or professional portfolio development.",Trainee → Junior → Skilled Professional → Senior/Team Lead → Specialist/Manager or Self-employed.,Office/campus/lab/site/field/studio/service/workshop or mixed settings depending on the role.,About 3 months–2 years depending on course,"Roughly ₹2,000–₹1,00,000 depending on provider, duration, equipment and certification.","National Scholarship Portal (NSP), state scholarships, institution merit/need aid and eligible category-specific schemes; eligibility must be checked for the exact course and institute.","Private employers, service businesses, agencies, hotels/clinics/studios, freelance work and self-employment.","Clear qualification pathway, multiple specialization choices and opportunities to build experience or move into leadership/entrepreneurship.","Admission competition, changing skill requirements and the need to choose a recognized course/institute carefully.","If you enjoy creating and expressing ideas, Content Writing can turn creativity into a professional skill.","MVP seed — verify exact eligibility, fees, exam rules and local admissions before public launch.",2026-09-26
64,cyber-security-basic,C,School Skill / Vocational,Cyber Security (Basic),"Cyber Security (Basic) focuses on using computing, digital systems or data to build and improve technology solutions.","Students who enjoy computers, logic, problem-solving, mathematics and learning new technology.",10th → Short-term skill/vocational course → Cyber Security (Basic) skill certification → portfolio/apprenticeship → entry-level job or self-employment,MPC/Science is the strongest route for engineering; other computing degrees may accept different streams.,"Usually no national entrance; institute/state skill admission, aptitude test or interview may apply.","Relevant degree/diploma/certificate in computing, IT, software, AI, data or cybersecurity.","Programming, databases, algorithms, computer systems, networking, mathematics/statistics and project work.","Logical thinking, coding or digital tools, problem-solving, communication and continuous learning.","AI/ML, cloud, cybersecurity, data, web/mobile, DevOps, automation or product technology.","Developer, IT Engineer, Data/AI role, Cloud/Support Engineer, Security Analyst or digital specialist.","M.Tech/M.S./MCA/MBA, advanced certifications, specialization or research.",Trainee → Junior → Skilled Professional → Senior/Team Lead → Specialist/Manager or Self-employed.,Office/campus/lab/site/field/studio/service/workshop or mixed settings depending on the role.,About 3 months–2 years depending on course,"Roughly ₹2,000–₹1,00,000 depending on provider, duration, equipment and certification.","National Scholarship Portal (NSP), state scholarships, institution merit/need aid and eligible category-specific schemes; eligibility must be checked for the exact course and institute.","Private employers, service businesses, agencies, hotels/clinics/studios, freelance work and self-employment.","Clear qualification pathway, multiple specialization choices and opportunities to build experience or move into leadership/entrepreneurship.","Admission competition, changing skill requirements and the need to choose a recognized course/institute carefully.","If you like technology and want to solve real problems using digital tools, Cyber Security (Basic) can be a good path.","MVP seed — verify exact eligibility, fees, exam rules and local admissions before public launch.",2026-09-26
65,ethical-hacking-basic,C,School Skill / Vocational,Ethical Hacking (Basic),"Ethical Hacking (Basic) focuses on using computing, digital systems or data to build and improve technology solutions.","Students who enjoy computers, logic, problem-solving, mathematics and learning new technology.",10th → Short-term skill/vocational course → Ethical Hacking (Basic) skill certification → portfolio/apprenticeship → entry-level job or self-employment,MPC/Science is the strongest route for engineering; other computing degrees may accept different streams.,"Usually no national entrance; institute/state skill admission, aptitude test or interview may apply.","Relevant degree/diploma/certificate in computing, IT, software, AI, data or cybersecurity.","Programming, databases, algorithms, computer systems, networking, mathematics/statistics and project work.","Logical thinking, coding or digital tools, problem-solving, communication and continuous learning.","AI/ML, cloud, cybersecurity, data, web/mobile, DevOps, automation or product technology.","Developer, IT Engineer, Data/AI role, Cloud/Support Engineer, Security Analyst or digital specialist.","M.Tech/M.S./MCA/MBA, advanced certifications, specialization or research.",Trainee → Junior → Skilled Professional → Senior/Team Lead → Specialist/Manager or Self-employed.,Office/campus/lab/site/field/studio/service/workshop or mixed settings depending on the role.,About 3 months–2 years depending on course,"Roughly ₹2,000–₹1,00,000 depending on provider, duration, equipment and certification.","National Scholarship Portal (NSP), state scholarships, institution merit/need aid and eligible category-specific schemes; eligibility must be checked for the exact course and institute.","Private employers, service businesses, agencies, hotels/clinics/studios, freelance work and self-employment.","Clear qualification pathway, multiple specialization choices and opportunities to build experience or move into leadership/entrepreneurship.","Admission competition, changing skill requirements and the need to choose a recognized course/institute carefully.","If you like technology and want to solve real problems using digital tools, Ethical Hacking (Basic) can be a good path.","MVP seed — verify exact eligibility, fees, exam rules and local admissions before public launch.",2026-09-26
66,data-analytics-basic,C,School Skill / Vocational,Data Analytics (Basic),"Data Analytics (Basic) focuses on using computing, digital systems or data to build and improve technology solutions.","Students who enjoy computers, logic, problem-solving, mathematics and learning new technology.",10th → Short-term skill/vocational course → Data Analytics (Basic) skill certification → portfolio/apprenticeship → entry-level job or self-employment,MPC/Science is the strongest route for engineering; other computing degrees may accept different streams.,Professional-body entrance/stages after Class 12; check ICAI/ICSI/ICMAI rules.,"Relevant degree/diploma/certificate in computing, IT, software, AI, data or cybersecurity.","Programming, databases, algorithms, computer systems, networking, mathematics/statistics and project work.","Logical thinking, coding or digital tools, problem-solving, communication and continuous learning.","AI/ML, cloud, cybersecurity, data, web/mobile, DevOps, automation or product technology.","Developer, IT Engineer, Data/AI role, Cloud/Support Engineer, Security Analyst or digital specialist.","M.Tech/M.S./MCA/MBA, advanced certifications, specialization or research.",Trainee → Junior → Skilled Professional → Senior/Team Lead → Specialist/Manager or Self-employed.,Office/campus/lab/site/field/studio/service/workshop or mixed settings depending on the role.,Varies by pace and professional stages; commonly several years after Class 12,"Roughly ₹2,000–₹1,00,000 depending on provider, duration, equipment and certification.","National Scholarship Portal (NSP), state scholarships, institution merit/need aid and eligible category-specific schemes; eligibility must be checked for the exact course and institute.","Private employers, service businesses, agencies, hotels/clinics/studios, freelance work and self-employment.","Clear qualification pathway, multiple specialization choices and opportunities to build experience or move into leadership/entrepreneurship.","Admission competition, changing skill requirements and the need to choose a recognized course/institute carefully.","If you like technology and want to solve real problems using digital tools, Data Analytics (Basic) can be a good path.","MVP seed — verify exact eligibility, fees, exam rules and local admissions before public launch.",2026-09-26
67,ui-ux-designing,C,School Skill / Vocational,UI/UX Designing,"UI/UX Designing is a creative career focused on visual communication, storytelling, design, performance or digital media.","Students who enjoy drawing, making things, storytelling, fashion, media, design or performance.",10th → Short-term skill/vocational course → UI/UX Designing skill certification → portfolio/apprenticeship → entry-level job or self-employment,Often open to multiple streams; portfolio and aptitude can matter more than a particular stream.,NIFT/NID or institute portfolio/aptitude process where applicable; many private courses have no national exam.,"Certificate/diploma/degree in design, media, fine arts, animation or a related discipline.","Design principles, software/tools, visual communication, portfolio work and project practice.","Creativity, portfolio building, communication, software/tool proficiency and client understanding.","Branding, UX/UI, animation, VFX, fashion, interiors, illustration, film or content.","Designer, Animator, Editor, Content/Media professional, Art/Creative Associate or Freelancer.","PG design/media/arts programme, specialist certifications or professional portfolio development.",Trainee → Junior → Skilled Professional → Senior/Team Lead → Specialist/Manager or Self-employed.,Office/campus/lab/site/field/studio/service/workshop or mixed settings depending on the role.,About 3 months–2 years depending on course,"Roughly ₹2,000–₹1,00,000 depending on provider, duration, equipment and certification.","National Scholarship Portal (NSP), state scholarships, institution merit/need aid and eligible category-specific schemes; eligibility must be checked for the exact course and institute.","Private employers, service businesses, agencies, hotels/clinics/studios, freelance work and self-employment.","Clear qualification pathway, multiple specialization choices and opportunities to build experience or move into leadership/entrepreneurship.","Admission competition, changing skill requirements and the need to choose a recognized course/institute carefully.","If you enjoy creating and expressing ideas, UI/UX Designing can turn creativity into a professional skill.","MVP seed — verify exact eligibility, fees, exam rules and local admissions before public launch.",2026-09-26
68,medical-lab-technology,C,School Skill / Vocational,Medical Lab Technology,"Medical Lab Technology prepares students for a healthcare, clinical, diagnostic or allied-health role.","Students interested in biology, health, helping people and careful practical work.",10th → Short-term skill/vocational course → Medical Lab Technology skill certification → portfolio/apprenticeship → entry-level job or self-employment,PCB/Science is commonly required for clinical and allied-health programmes; exact eligibility varies by course.,"Usually no national entrance; institute/state skill admission, aptitude test or interview may apply.","Relevant medical/allied-health degree, diploma or certificate programme.","Biology, anatomy/physiology, chemistry or physics as applicable, diagnostics/clinical subjects and practical training.","Care, accuracy, communication, observation, discipline and practical/lab skills.","Clinical practice, diagnostics, rehabilitation, public health, laboratory or specialist areas depending on programme.","Healthcare professional/technician, assistant, therapist, laboratory or diagnostic role depending on qualification.","PG degree, specialization, professional registration where required, research or management.",Trainee → Junior → Skilled Professional → Senior/Team Lead → Specialist/Manager or Self-employed.,Office/campus/lab/site/field/studio/service/workshop or mixed settings depending on the role.,About 3 months–2 years depending on course,"Roughly ₹2,000–₹1,00,000 depending on provider, duration, equipment and certification.","National Scholarship Portal (NSP), state scholarships, institution merit/need aid and eligible category-specific schemes; eligibility must be checked for the exact course and institute.","Private employers, service businesses, agencies, hotels/clinics/studios, freelance work and self-employment.","Clear qualification pathway, multiple specialization choices and opportunities to build experience or move into leadership/entrepreneurship.","Admission competition, changing skill requirements and the need to choose a recognized course/institute carefully.",This path helps you build skills to work in healthcare and support patients or medical teams as a qualified Medical Lab Technology professional.,"MVP seed — verify exact eligibility, fees, exam rules and local admissions before public launch.",2026-09-26
69,operation-theatre-technology,C,School Skill / Vocational,Operation Theatre Technology,"Operation Theatre Technology prepares students for a healthcare, clinical, diagnostic or allied-health role.","Students interested in biology, health, helping people and careful practical work.",10th → Short-term skill/vocational course → Operation Theatre Technology skill certification → portfolio/apprenticeship → entry-level job or self-employment,PCB/Science is commonly required for clinical and allied-health programmes; exact eligibility varies by course.,"Usually no national entrance; institute/state skill admission, aptitude test or interview may apply.","Relevant medical/allied-health degree, diploma or certificate programme.","Biology, anatomy/physiology, chemistry or physics as applicable, diagnostics/clinical subjects and practical training.","Care, accuracy, communication, observation, discipline and practical/lab skills.","Clinical practice, diagnostics, rehabilitation, public health, laboratory or specialist areas depending on programme.","Healthcare professional/technician, assistant, therapist, laboratory or diagnostic role depending on qualification.","PG degree, specialization, professional registration where required, research or management.",Trainee → Junior → Skilled Professional → Senior/Team Lead → Specialist/Manager or Self-employed.,Office/campus/lab/site/field/studio/service/workshop or mixed settings depending on the role.,About 3 months–2 years depending on course,"Roughly ₹2,000–₹1,00,000 depending on provider, duration, equipment and certification.","National Scholarship Portal (NSP), state scholarships, institution merit/need aid and eligible category-specific schemes; eligibility must be checked for the exact course and institute.","Private employers, service businesses, agencies, hotels/clinics/studios, freelance work and self-employment.","Clear qualification pathway, multiple specialization choices and opportunities to build experience or move into leadership/entrepreneurship.","Admission competition, changing skill requirements and the need to choose a recognized course/institute carefully.",This path helps you build skills to work in healthcare and support patients or medical teams as a qualified Operation Theatre Technology professional.,"MVP seed — verify exact eligibility, fees, exam rules and local admissions before public launch.",2026-09-26
70,radiology-technology,C,School Skill / Vocational,Radiology Technology,"Radiology Technology prepares students for a healthcare, clinical, diagnostic or allied-health role.","Students interested in biology, health, helping people and careful practical work.",10th → Short-term skill/vocational course → Radiology Technology skill certification → portfolio/apprenticeship → entry-level job or self-employment,PCB/Science is commonly required for clinical and allied-health programmes; exact eligibility varies by course.,"Usually no national entrance; institute/state skill admission, aptitude test or interview may apply.","Relevant medical/allied-health degree, diploma or certificate programme.","Biology, anatomy/physiology, chemistry or physics as applicable, diagnostics/clinical subjects and practical training.","Care, accuracy, communication, observation, discipline and practical/lab skills.","Clinical practice, diagnostics, rehabilitation, public health, laboratory or specialist areas depending on programme.","Healthcare professional/technician, assistant, therapist, laboratory or diagnostic role depending on qualification.","PG degree, specialization, professional registration where required, research or management.",Trainee → Junior → Skilled Professional → Senior/Team Lead → Specialist/Manager or Self-employed.,Office/campus/lab/site/field/studio/service/workshop or mixed settings depending on the role.,About 3 months–2 years depending on course,"Roughly ₹2,000–₹1,00,000 depending on provider, duration, equipment and certification.","National Scholarship Portal (NSP), state scholarships, institution merit/need aid and eligible category-specific schemes; eligibility must be checked for the exact course and institute.","Private employers, service businesses, agencies, hotels/clinics/studios, freelance work and self-employment.","Clear qualification pathway, multiple specialization choices and opportunities to build experience or move into leadership/entrepreneurship.","Admission competition, changing skill requirements and the need to choose a recognized course/institute carefully.",This path helps you build skills to work in healthcare and support patients or medical teams as a qualified Radiology Technology professional.,"MVP seed — verify exact eligibility, fees, exam rules and local admissions before public launch.",2026-09-26
71,yoga-naturopathy,C,School Skill / Vocational,Yoga & Naturopathy,"Yoga & Naturopathy connects physical activity, performance, coaching, fitness or wellness with professional opportunities.","Students who enjoy sports, exercise, discipline, teamwork and healthy lifestyles.",10th → Short-term skill/vocational course → Yoga & Naturopathy skill certification → portfolio/apprenticeship → entry-level job or self-employment,Any stream can work for many routes; specific degree/academy rules vary.,"Usually no national entrance; institute/state skill admission, aptitude test or interview may apply.","B.P.Ed/B.Sc/B.A. related programme, coaching certification or specialized fitness course.","Exercise science, anatomy, training methods, nutrition basics, psychology and practical training.","Fitness, discipline, coaching, communication, observation and leadership.","Professional sport, coaching, strength & conditioning, fitness, sports management or wellness.","Athlete, Coach, Fitness Trainer, Sports Instructor, Sports Operations professional.",M.P.Ed/M.Sc Sports Science/MBA Sports Management or advanced coaching certification.,Trainee → Junior → Skilled Professional → Senior/Team Lead → Specialist/Manager or Self-employed.,Office/campus/lab/site/field/studio/service/workshop or mixed settings depending on the role.,About 3 months–2 years depending on course,"Roughly ₹2,000–₹1,00,000 depending on provider, duration, equipment and certification.","National Scholarship Portal (NSP), state scholarships, institution merit/need aid and eligible category-specific schemes; eligibility must be checked for the exact course and institute.","Private employers, service businesses, agencies, hotels/clinics/studios, freelance work and self-employment.","Clear qualification pathway, multiple specialization choices and opportunities to build experience or move into leadership/entrepreneurship.","Admission competition, changing skill requirements and the need to choose a recognized course/institute carefully.","This path turns your interest in sport, fitness or wellness into a structured career.","MVP seed — verify exact eligibility, fees, exam rules and local admissions before public launch.",2026-09-26
72,fitness-training,C,School Skill / Vocational,Fitness Training,"Fitness Training focuses on using computing, digital systems or data to build and improve technology solutions.","Students who enjoy computers, logic, problem-solving, mathematics and learning new technology.",10th → Short-term skill/vocational course → Fitness Training skill certification → portfolio/apprenticeship → entry-level job or self-employment,MPC/Science is the strongest route for engineering; other computing degrees may accept different streams.,"Usually no national entrance; institute/state skill admission, aptitude test or interview may apply.","Relevant degree/diploma/certificate in computing, IT, software, AI, data or cybersecurity.","Programming, databases, algorithms, computer systems, networking, mathematics/statistics and project work.","Logical thinking, coding or digital tools, problem-solving, communication and continuous learning.","AI/ML, cloud, cybersecurity, data, web/mobile, DevOps, automation or product technology.","Developer, IT Engineer, Data/AI role, Cloud/Support Engineer, Security Analyst or digital specialist.","M.Tech/M.S./MCA/MBA, advanced certifications, specialization or research.",Trainee → Junior → Skilled Professional → Senior/Team Lead → Specialist/Manager or Self-employed.,Office/campus/lab/site/field/studio/service/workshop or mixed settings depending on the role.,About 3 months–2 years depending on course,"Roughly ₹2,000–₹1,00,000 depending on provider, duration, equipment and certification.","National Scholarship Portal (NSP), state scholarships, institution merit/need aid and eligible category-specific schemes; eligibility must be checked for the exact course and institute.","Private employers, service businesses, agencies, hotels/clinics/studios, freelance work and self-employment.","Clear qualification pathway, multiple specialization choices and opportunities to build experience or move into leadership/entrepreneurship.","Admission competition, changing skill requirements and the need to choose a recognized course/institute carefully.","If you like technology and want to solve real problems using digital tools, Fitness Training can be a good path.","MVP seed — verify exact eligibility, fees, exam rules and local admissions before public launch.",2026-09-26
73,event-management,C,School Skill / Vocational,Event Management,"Event Management develops knowledge of business operations, customers, money, management, services or organizations.","Students who enjoy business, numbers, communication, organizing activities or working with people.",10th → Short-term skill/vocational course → Event Management skill certification → portfolio/apprenticeship → entry-level job or self-employment,"Commerce is useful, but many programmes accept Humanities/Science depending on institution.","Usually no national entrance; institute/state skill admission, aptitude test or interview may apply.",B.Com/BBA/BMS/BHM or relevant diploma/certificate/professional programme.,"Accounting, economics, management, marketing, finance, communication and business law as applicable.","Communication, numeracy, organization, sales/customer skills, teamwork and decision-making.","Finance, marketing, HR, operations, analytics, hospitality, logistics, retail or entrepreneurship.","Executive, Analyst, Accountant/Finance role, Sales/Marketing, Operations or Business Associate.",MBA/M.Com/professional qualification/certifications or specialization.,Trainee → Junior → Skilled Professional → Senior/Team Lead → Specialist/Manager or Self-employed.,Office/campus/lab/site/field/studio/service/workshop or mixed settings depending on the role.,About 3 months–2 years depending on course,"Roughly ₹2,000–₹1,00,000 depending on provider, duration, equipment and certification.","National Scholarship Portal (NSP), state scholarships, institution merit/need aid and eligible category-specific schemes; eligibility must be checked for the exact course and institute.","Private employers, service businesses, agencies, hotels/clinics/studios, freelance work and self-employment.","Clear qualification pathway, multiple specialization choices and opportunities to build experience or move into leadership/entrepreneurship.","Admission competition, changing skill requirements and the need to choose a recognized course/institute carefully.","This path teaches you how organizations, customers, money and operations work in Event Management.","MVP seed — verify exact eligibility, fees, exam rules and local admissions before public launch.",2026-09-26
74,healthcare-assistant,C,School Skill / Vocational,Healthcare Assistant,"Healthcare Assistant prepares students for a healthcare, clinical, diagnostic or allied-health role.","Students interested in biology, health, helping people and careful practical work.",10th → Short-term skill/vocational course → Healthcare Assistant skill certification → portfolio/apprenticeship → entry-level job or self-employment,PCB/Science is commonly required for clinical and allied-health programmes; exact eligibility varies by course.,"Usually no national entrance; institute/state skill admission, aptitude test or interview may apply.","Relevant medical/allied-health degree, diploma or certificate programme.","Biology, anatomy/physiology, chemistry or physics as applicable, diagnostics/clinical subjects and practical training.","Care, accuracy, communication, observation, discipline and practical/lab skills.","Clinical practice, diagnostics, rehabilitation, public health, laboratory or specialist areas depending on programme.","Healthcare professional/technician, assistant, therapist, laboratory or diagnostic role depending on qualification.","PG degree, specialization, professional registration where required, research or management.",Trainee → Junior → Skilled Professional → Senior/Team Lead → Specialist/Manager or Self-employed.,Office/campus/lab/site/field/studio/service/workshop or mixed settings depending on the role.,About 3 months–2 years depending on course,"Roughly ₹2,000–₹1,00,000 depending on provider, duration, equipment and certification.","National Scholarship Portal (NSP), state scholarships, institution merit/need aid and eligible category-specific schemes; eligibility must be checked for the exact course and institute.","Private employers, service businesses, agencies, hotels/clinics/studios, freelance work and self-employment.","Clear qualification pathway, multiple specialization choices and opportunities to build experience or move into leadership/entrepreneurship.","Admission competition, changing skill requirements and the need to choose a recognized course/institute carefully.",This path helps you build skills to work in healthcare and support patients or medical teams as a qualified Healthcare Assistant professional.,"MVP seed — verify exact eligibility, fees, exam rules and local admissions before public launch.",2026-09-26
75,office-administration,C,School Skill / Vocational,Office Administration,"Office Administration develops knowledge of business operations, customers, money, management, services or organizations.","Students who enjoy business, numbers, communication, organizing activities or working with people.",10th → Short-term skill/vocational course → Office Administration skill certification → portfolio/apprenticeship → entry-level job or self-employment,"Commerce is useful, but many programmes accept Humanities/Science depending on institution.","Usually no national entrance; institute/state skill admission, aptitude test or interview may apply.",B.Com/BBA/BMS/BHM or relevant diploma/certificate/professional programme.,"Accounting, economics, management, marketing, finance, communication and business law as applicable.","Communication, numeracy, organization, sales/customer skills, teamwork and decision-making.","Finance, marketing, HR, operations, analytics, hospitality, logistics, retail or entrepreneurship.","Executive, Analyst, Accountant/Finance role, Sales/Marketing, Operations or Business Associate.",MBA/M.Com/professional qualification/certifications or specialization.,Trainee → Junior → Skilled Professional → Senior/Team Lead → Specialist/Manager or Self-employed.,Office/campus/lab/site/field/studio/service/workshop or mixed settings depending on the role.,About 3 months–2 years depending on course,"Roughly ₹2,000–₹1,00,000 depending on provider, duration, equipment and certification.","National Scholarship Portal (NSP), state scholarships, institution merit/need aid and eligible category-specific schemes; eligibility must be checked for the exact course and institute.","Private employers, service businesses, agencies, hotels/clinics/studios, freelance work and self-employment.","Clear qualification pathway, multiple specialization choices and opportunities to build experience or move into leadership/entrepreneurship.","Admission competition, changing skill requirements and the need to choose a recognized course/institute carefully.","This path teaches you how organizations, customers, money and operations work in Office Administration.","MVP seed — verify exact eligibility, fees, exam rules and local admissions before public launch.",2026-09-26
76,fitter,D,ITI / Skill-Trade,Fitter,"Fitter focuses on machines, manufacturing, maintenance, vehicles or mechanical production.","Students who like machines, tools, physics, practical work and fixing or building things.",10th → State/UT ITI admission → Fitter → Apprenticeship/Technician role → advanced trade/diploma/entrepreneurship,MPC/Science for degree engineering; Class 10 is sufficient for many ITI trades.,State/UT ITI admission process; many CTS seats are merit/admission based. Check the state portal.,"B.Tech/B.E., diploma, ITI trade or skill certification depending on the route.","Engineering mechanics, materials, manufacturing, CAD/CAM, machine tools, maintenance and safety.","Mechanical reasoning, measurements, tool handling, CAD/technical drawing and troubleshooting.","Automotive, manufacturing, CNC, robotics, design, maintenance, HVAC or production.","Mechanical/production technician, design or maintenance engineer, CNC operator/programmer, service technician.","Diploma-to-degree, B.Tech lateral entry where eligible, M.Tech or advanced trade certifications.",Trainee → Technician → Senior Technician → Supervisor/Foreman → Specialist/Contractor/Entrepreneur.,Office/campus/lab/site/field/studio/service/workshop or mixed settings depending on the role.,Typically 1–2 years for many ITI/CTS trades; some trades differ,"Government ITIs are generally low-fee; private ITIs/skill centres can be roughly ₹10,000–₹1,00,000+ depending on trade and institute.","National Scholarship Portal (NSP), state scholarships, institution merit/need aid and eligible category-specific schemes; eligibility must be checked for the exact course and institute. State ITI concessions and skill-training support may also apply.","Manufacturing, utilities, construction, automotive, maintenance, service companies, public-sector technical roles where eligible and self-employment.","Clear qualification pathway, multiple specialization choices and opportunities to build experience or move into leadership/entrepreneurship.","Admission competition, changing skill requirements and the need to choose a recognized course/institute carefully.","You learn how machines and mechanical systems are made, operated, repaired or improved in Fitter.","MVP seed — verify exact eligibility, fees, exam rules and local admissions before public launch.",2026-09-26
77,electrician,D,ITI / Skill-Trade,Electrician,"Electrician is a practical skill pathway focused on a specific trade, tool, machine, service or production task.","Students who prefer hands-on learning, practical work and visible results.",10th → State/UT ITI admission → Electrician → Apprenticeship/Technician role → advanced trade/diploma/entrepreneurship,Class 10; exact trade eligibility varies.,State/UT ITI admission process; many CTS seats are merit/admission based. Check the state portal.,"ITI/CTS trade, short-term skill course, apprenticeship or trade certification.","Trade theory, workshop calculation/science, tools, safety and practical training.","Tool handling, measurements, safety, troubleshooting, discipline and practical execution.","Trade specialization, advanced technician skills, supervisor skills, entrepreneurship or related diploma.","Technician, Operator, Skilled Worker, Maintenance/Service Technician or independent service provider.","Apprenticeship, diploma, advanced trade certification or CITS for eligible candidates.",Trainee → Technician → Senior Technician → Supervisor/Foreman → Specialist/Contractor/Entrepreneur.,Office/campus/lab/site/field/studio/service/workshop or mixed settings depending on the role.,Typically 1–2 years for many ITI/CTS trades; some trades differ,"Government ITIs are generally low-fee; private ITIs/skill centres can be roughly ₹10,000–₹1,00,000+ depending on trade and institute.","National Scholarship Portal (NSP), state scholarships, institution merit/need aid and eligible category-specific schemes; eligibility must be checked for the exact course and institute. State ITI concessions and skill-training support may also apply.","Manufacturing, utilities, construction, automotive, maintenance, service companies, public-sector technical roles where eligible and self-employment.","Clear qualification pathway, multiple specialization choices and opportunities to build experience or move into leadership/entrepreneurship.","Admission competition, changing skill requirements and the need to choose a recognized course/institute carefully.",You learn a practical skill in Electrician and can enter work faster through training and apprenticeship.,"MVP seed — verify exact eligibility, fees, exam rules and local admissions before public launch.",2026-09-26
78,electronics-mechanic,D,ITI / Skill-Trade,Electronics Mechanic,"Electronics Mechanic deals with electrical/electronic systems, devices, controls, communication or automation.","Students who like gadgets, electricity, circuits, physics and hands-on troubleshooting.",10th → State/UT ITI admission → Electronics Mechanic → Apprenticeship/Technician role → advanced trade/diploma/entrepreneurship,MPC/Science for degree engineering; Class 10 can lead to relevant ITI/diploma routes.,State/UT ITI admission process; many CTS seats are merit/admission based. Check the state portal.,"B.Tech/B.E., diploma, ITI or skill certification depending on the pathway.","Circuits, electronics, electrical machines, measurements, control, microcontrollers and safety.","Technical reasoning, measurement, debugging, safety, documentation and problem-solving.","Embedded systems, VLSI, IoT, automation, power, telecom or control systems.","Electronics/Electrical Technician or Engineer, Maintenance/Controls Engineer, Embedded Technician.","B.Tech lateral entry where eligible, M.Tech/M.S. or advanced technical certifications.",Trainee → Technician → Senior Technician → Supervisor/Foreman → Specialist/Contractor/Entrepreneur.,Office/campus/lab/site/field/studio/service/workshop or mixed settings depending on the role.,Typically 1–2 years for many ITI/CTS trades; some trades differ,"Government ITIs are generally low-fee; private ITIs/skill centres can be roughly ₹10,000–₹1,00,000+ depending on trade and institute.","National Scholarship Portal (NSP), state scholarships, institution merit/need aid and eligible category-specific schemes; eligibility must be checked for the exact course and institute. State ITI concessions and skill-training support may also apply.","Manufacturing, utilities, construction, automotive, maintenance, service companies, public-sector technical roles where eligible and self-employment.","Clear qualification pathway, multiple specialization choices and opportunities to build experience or move into leadership/entrepreneurship.","Admission competition, changing skill requirements and the need to choose a recognized course/institute carefully.","This path teaches you how electrical and electronic systems work and how to install, test or improve them.","MVP seed — verify exact eligibility, fees, exam rules and local admissions before public launch.",2026-09-26
79,wireman,D,ITI / Skill-Trade,Wireman,"Wireman deals with electrical/electronic systems, devices, controls, communication or automation.","Students who like gadgets, electricity, circuits, physics and hands-on troubleshooting.",10th → State/UT ITI admission → Wireman → Apprenticeship/Technician role → advanced trade/diploma/entrepreneurship,MPC/Science for degree engineering; Class 10 can lead to relevant ITI/diploma routes.,State/UT ITI admission process; many CTS seats are merit/admission based. Check the state portal.,"B.Tech/B.E., diploma, ITI or skill certification depending on the pathway.","Circuits, electronics, electrical machines, measurements, control, microcontrollers and safety.","Technical reasoning, measurement, debugging, safety, documentation and problem-solving.","Embedded systems, VLSI, IoT, automation, power, telecom or control systems.","Electronics/Electrical Technician or Engineer, Maintenance/Controls Engineer, Embedded Technician.","B.Tech lateral entry where eligible, M.Tech/M.S. or advanced technical certifications.",Trainee → Technician → Senior Technician → Supervisor/Foreman → Specialist/Contractor/Entrepreneur.,Office/campus/lab/site/field/studio/service/workshop or mixed settings depending on the role.,Typically 1–2 years for many ITI/CTS trades; some trades differ,"Government ITIs are generally low-fee; private ITIs/skill centres can be roughly ₹10,000–₹1,00,000+ depending on trade and institute.","National Scholarship Portal (NSP), state scholarships, institution merit/need aid and eligible category-specific schemes; eligibility must be checked for the exact course and institute. State ITI concessions and skill-training support may also apply.","Manufacturing, utilities, construction, automotive, maintenance, service companies, public-sector technical roles where eligible and self-employment.","Clear qualification pathway, multiple specialization choices and opportunities to build experience or move into leadership/entrepreneurship.","Admission competition, changing skill requirements and the need to choose a recognized course/institute carefully.","This path teaches you how electrical and electronic systems work and how to install, test or improve them.","MVP seed — verify exact eligibility, fees, exam rules and local admissions before public launch.",2026-09-26
80,machinist,D,ITI / Skill-Trade,Machinist,"Machinist focuses on machines, manufacturing, maintenance, vehicles or mechanical production.","Students who like machines, tools, physics, practical work and fixing or building things.",10th → State/UT ITI admission → Machinist → Apprenticeship/Technician role → advanced trade/diploma/entrepreneurship,MPC/Science for degree engineering; Class 10 is sufficient for many ITI trades.,State/UT ITI admission process; many CTS seats are merit/admission based. Check the state portal.,"B.Tech/B.E., diploma, ITI trade or skill certification depending on the route.","Engineering mechanics, materials, manufacturing, CAD/CAM, machine tools, maintenance and safety.","Mechanical reasoning, measurements, tool handling, CAD/technical drawing and troubleshooting.","Automotive, manufacturing, CNC, robotics, design, maintenance, HVAC or production.","Mechanical/production technician, design or maintenance engineer, CNC operator/programmer, service technician.","Diploma-to-degree, B.Tech lateral entry where eligible, M.Tech or advanced trade certifications.",Trainee → Technician → Senior Technician → Supervisor/Foreman → Specialist/Contractor/Entrepreneur.,Office/campus/lab/site/field/studio/service/workshop or mixed settings depending on the role.,Typically 1–2 years for many ITI/CTS trades; some trades differ,"Government ITIs are generally low-fee; private ITIs/skill centres can be roughly ₹10,000–₹1,00,000+ depending on trade and institute.","National Scholarship Portal (NSP), state scholarships, institution merit/need aid and eligible category-specific schemes; eligibility must be checked for the exact course and institute. State ITI concessions and skill-training support may also apply.","Manufacturing, utilities, construction, automotive, maintenance, service companies, public-sector technical roles where eligible and self-employment.","Clear qualification pathway, multiple specialization choices and opportunities to build experience or move into leadership/entrepreneurship.","Admission competition, changing skill requirements and the need to choose a recognized course/institute carefully.","You learn how machines and mechanical systems are made, operated, repaired or improved in Machinist.","MVP seed — verify exact eligibility, fees, exam rules and local admissions before public launch.",2026-09-26
81,turner,D,ITI / Skill-Trade,Turner,"Turner focuses on machines, manufacturing, maintenance, vehicles or mechanical production.","Students who like machines, tools, physics, practical work and fixing or building things.",10th → State/UT ITI admission → Turner → Apprenticeship/Technician role → advanced trade/diploma/entrepreneurship,MPC/Science for degree engineering; Class 10 is sufficient for many ITI trades.,State/UT ITI admission process; many CTS seats are merit/admission based. Check the state portal.,"B.Tech/B.E., diploma, ITI trade or skill certification depending on the route.","Engineering mechanics, materials, manufacturing, CAD/CAM, machine tools, maintenance and safety.","Mechanical reasoning, measurements, tool handling, CAD/technical drawing and troubleshooting.","Automotive, manufacturing, CNC, robotics, design, maintenance, HVAC or production.","Mechanical/production technician, design or maintenance engineer, CNC operator/programmer, service technician.","Diploma-to-degree, B.Tech lateral entry where eligible, M.Tech or advanced trade certifications.",Trainee → Technician → Senior Technician → Supervisor/Foreman → Specialist/Contractor/Entrepreneur.,Office/campus/lab/site/field/studio/service/workshop or mixed settings depending on the role.,Typically 1–2 years for many ITI/CTS trades; some trades differ,"Government ITIs are generally low-fee; private ITIs/skill centres can be roughly ₹10,000–₹1,00,000+ depending on trade and institute.","National Scholarship Portal (NSP), state scholarships, institution merit/need aid and eligible category-specific schemes; eligibility must be checked for the exact course and institute. State ITI concessions and skill-training support may also apply.","Manufacturing, utilities, construction, automotive, maintenance, service companies, public-sector technical roles where eligible and self-employment.","Clear qualification pathway, multiple specialization choices and opportunities to build experience or move into leadership/entrepreneurship.","Admission competition, changing skill requirements and the need to choose a recognized course/institute carefully.","You learn how machines and mechanical systems are made, operated, repaired or improved in Turner.","MVP seed — verify exact eligibility, fees, exam rules and local admissions before public launch.",2026-09-26
82,diesel-mechanic,D,ITI / Skill-Trade,Diesel Mechanic,"Diesel Mechanic focuses on machines, manufacturing, maintenance, vehicles or mechanical production.","Students who like machines, tools, physics, practical work and fixing or building things.",10th → State/UT ITI admission → Diesel Mechanic → Apprenticeship/Technician role → advanced trade/diploma/entrepreneurship,MPC/Science for degree engineering; Class 10 is sufficient for many ITI trades.,State/UT ITI admission process; many CTS seats are merit/admission based. Check the state portal.,"B.Tech/B.E., diploma, ITI trade or skill certification depending on the route.","Engineering mechanics, materials, manufacturing, CAD/CAM, machine tools, maintenance and safety.","Mechanical reasoning, measurements, tool handling, CAD/technical drawing and troubleshooting.","Automotive, manufacturing, CNC, robotics, design, maintenance, HVAC or production.","Mechanical/production technician, design or maintenance engineer, CNC operator/programmer, service technician.","Diploma-to-degree, B.Tech lateral entry where eligible, M.Tech or advanced trade certifications.",Trainee → Technician → Senior Technician → Supervisor/Foreman → Specialist/Contractor/Entrepreneur.,Office/campus/lab/site/field/studio/service/workshop or mixed settings depending on the role.,Typically 1–2 years for many ITI/CTS trades; some trades differ,"Government ITIs are generally low-fee; private ITIs/skill centres can be roughly ₹10,000–₹1,00,000+ depending on trade and institute.","National Scholarship Portal (NSP), state scholarships, institution merit/need aid and eligible category-specific schemes; eligibility must be checked for the exact course and institute. State ITI concessions and skill-training support may also apply.","Manufacturing, utilities, construction, automotive, maintenance, service companies, public-sector technical roles where eligible and self-employment.","Clear qualification pathway, multiple specialization choices and opportunities to build experience or move into leadership/entrepreneurship.","Admission competition, changing skill requirements and the need to choose a recognized course/institute carefully.","You learn how machines and mechanical systems are made, operated, repaired or improved in Diesel Mechanic.","MVP seed — verify exact eligibility, fees, exam rules and local admissions before public launch.",2026-09-26
83,motor-mechanic-2-3-wheeler,D,ITI / Skill-Trade,Motor Mechanic (2/3 Wheeler),"Motor Mechanic (2/3 Wheeler) focuses on machines, manufacturing, maintenance, vehicles or mechanical production.","Students who like machines, tools, physics, practical work and fixing or building things.",10th → State/UT ITI admission → Motor Mechanic (2/3 Wheeler) → Apprenticeship/Technician role → advanced trade/diploma/entrepreneurship,MPC/Science for degree engineering; Class 10 is sufficient for many ITI trades.,State/UT ITI admission process; many CTS seats are merit/admission based. Check the state portal.,"B.Tech/B.E., diploma, ITI trade or skill certification depending on the route.","Engineering mechanics, materials, manufacturing, CAD/CAM, machine tools, maintenance and safety.","Mechanical reasoning, measurements, tool handling, CAD/technical drawing and troubleshooting.","Automotive, manufacturing, CNC, robotics, design, maintenance, HVAC or production.","Mechanical/production technician, design or maintenance engineer, CNC operator/programmer, service technician.","Diploma-to-degree, B.Tech lateral entry where eligible, M.Tech or advanced trade certifications.",Trainee → Technician → Senior Technician → Supervisor/Foreman → Specialist/Contractor/Entrepreneur.,Office/campus/lab/site/field/studio/service/workshop or mixed settings depending on the role.,Typically 1–2 years for many ITI/CTS trades; some trades differ,"Government ITIs are generally low-fee; private ITIs/skill centres can be roughly ₹10,000–₹1,00,000+ depending on trade and institute.","National Scholarship Portal (NSP), state scholarships, institution merit/need aid and eligible category-specific schemes; eligibility must be checked for the exact course and institute. State ITI concessions and skill-training support may also apply.","Manufacturing, utilities, construction, automotive, maintenance, service companies, public-sector technical roles where eligible and self-employment.","Clear qualification pathway, multiple specialization choices and opportunities to build experience or move into leadership/entrepreneurship.","Admission competition, changing skill requirements and the need to choose a recognized course/institute carefully.","You learn how machines and mechanical systems are made, operated, repaired or improved in Motor Mechanic (2/3 Wheeler).","MVP seed — verify exact eligibility, fees, exam rules and local admissions before public launch.",2026-09-26
84,refrigeration-ac,D,ITI / Skill-Trade,Refrigeration & AC,Refrigeration & AC is a structured career/education pathway that can lead from Class 10 to a job or higher study.,Students who are interested in this subject and are ready to build the required academic and practical skills.,10th → State/UT ITI admission → Refrigeration & AC → Apprenticeship/Technician role → advanced trade/diploma/entrepreneurship,Depends on the exact qualification; check current eligibility before admission.,State/UT ITI admission process; many CTS seats are merit/admission based. Check the state portal.,"Relevant certificate, diploma or degree programme.",Core theory plus practical/project work related to the field.,"Communication, problem-solving, digital literacy, teamwork and field-specific skills.",Specializations depend on the chosen institution and programme.,"Entry-level roles related to the qualification, with experience-based progression.","Advanced diploma, degree, PG study or professional certification as applicable.",Trainee → Technician → Senior Technician → Supervisor/Foreman → Specialist/Contractor/Entrepreneur.,Office/campus/lab/site/field/studio/service/workshop or mixed settings depending on the role.,Typically 1–2 years for many ITI/CTS trades; some trades differ,"Government ITIs are generally low-fee; private ITIs/skill centres can be roughly ₹10,000–₹1,00,000+ depending on trade and institute.","National Scholarship Portal (NSP), state scholarships, institution merit/need aid and eligible category-specific schemes; eligibility must be checked for the exact course and institute. State ITI concessions and skill-training support may also apply.","Manufacturing, utilities, construction, automotive, maintenance, service companies, public-sector technical roles where eligible and self-employment.","Clear qualification pathway, multiple specialization choices and opportunities to build experience or move into leadership/entrepreneurship.","Admission competition, changing skill requirements and the need to choose a recognized course/institute carefully.",This is a step-by-step route to build skills and qualifications for Refrigeration & AC.,"MVP seed — verify exact eligibility, fees, exam rules and local admissions before public launch.",2026-09-26
85,plumber,D,ITI / Skill-Trade,Plumber,"Plumber is a practical skill pathway focused on a specific trade, tool, machine, service or production task.","Students who prefer hands-on learning, practical work and visible results.",10th → State/UT ITI admission → Plumber → Apprenticeship/Technician role → advanced trade/diploma/entrepreneurship,Class 10; exact trade eligibility varies.,State/UT ITI admission process; many CTS seats are merit/admission based. Check the state portal.,"ITI/CTS trade, short-term skill course, apprenticeship or trade certification.","Trade theory, workshop calculation/science, tools, safety and practical training.","Tool handling, measurements, safety, troubleshooting, discipline and practical execution.","Trade specialization, advanced technician skills, supervisor skills, entrepreneurship or related diploma.","Technician, Operator, Skilled Worker, Maintenance/Service Technician or independent service provider.","Apprenticeship, diploma, advanced trade certification or CITS for eligible candidates.",Trainee → Technician → Senior Technician → Supervisor/Foreman → Specialist/Contractor/Entrepreneur.,Office/campus/lab/site/field/studio/service/workshop or mixed settings depending on the role.,Typically 1–2 years for many ITI/CTS trades; some trades differ,"Government ITIs are generally low-fee; private ITIs/skill centres can be roughly ₹10,000–₹1,00,000+ depending on trade and institute.","National Scholarship Portal (NSP), state scholarships, institution merit/need aid and eligible category-specific schemes; eligibility must be checked for the exact course and institute. State ITI concessions and skill-training support may also apply.","Manufacturing, utilities, construction, automotive, maintenance, service companies, public-sector technical roles where eligible and self-employment.","Clear qualification pathway, multiple specialization choices and opportunities to build experience or move into leadership/entrepreneurship.","Admission competition, changing skill requirements and the need to choose a recognized course/institute carefully.",You learn a practical skill in Plumber and can enter work faster through training and apprenticeship.,"MVP seed — verify exact eligibility, fees, exam rules and local admissions before public launch.",2026-09-26
86,carpenter,D,ITI / Skill-Trade,Carpenter,"Carpenter is related to planning, designing, constructing or maintaining buildings and physical spaces.","Students who enjoy drawing, construction, maths, design, planning and real-world projects.",10th → State/UT ITI admission → Carpenter → Apprenticeship/Technician role → advanced trade/diploma/entrepreneurship,Science/Mathematics is common for engineering and architecture; diploma/ITI routes may start after Class 10.,State/UT ITI admission process; many CTS seats are merit/admission based. Check the state portal.,B.Tech/B.Arch/diploma/ITI or related design and construction qualifications.,"Maths, drawing/CAD, structures, surveying, construction methods, materials and safety.","Spatial thinking, technical drawing, planning, measurements, teamwork and site awareness.","Structures, construction management, BIM/CAD, urban planning, interiors or sustainable design.","Site/Design Engineer, CAD/BIM Technician, Architectural Assistant, Survey/Construction professional.","M.Tech/M.Arch/M.Plan/MBA, advanced CAD/BIM certifications or professional registration where applicable.",Trainee → Technician → Senior Technician → Supervisor/Foreman → Specialist/Contractor/Entrepreneur.,Office/campus/lab/site/field/studio/service/workshop or mixed settings depending on the role.,Typically 1–2 years for many ITI/CTS trades; some trades differ,"Government ITIs are generally low-fee; private ITIs/skill centres can be roughly ₹10,000–₹1,00,000+ depending on trade and institute.","National Scholarship Portal (NSP), state scholarships, institution merit/need aid and eligible category-specific schemes; eligibility must be checked for the exact course and institute. State ITI concessions and skill-training support may also apply.","Manufacturing, utilities, construction, automotive, maintenance, service companies, public-sector technical roles where eligible and self-employment.","Clear qualification pathway, multiple specialization choices and opportunities to build experience or move into leadership/entrepreneurship.","Admission competition, changing skill requirements and the need to choose a recognized course/institute carefully.","If you like buildings, design and seeing projects become real, Carpenter can be a practical career direction.","MVP seed — verify exact eligibility, fees, exam rules and local admissions before public launch.",2026-09-26
87,mason-civil,D,ITI / Skill-Trade,Mason (Civil),"Mason (Civil) is related to planning, designing, constructing or maintaining buildings and physical spaces.","Students who enjoy drawing, construction, maths, design, planning and real-world projects.",10th → State/UT ITI admission → Mason (Civil) → Apprenticeship/Technician role → advanced trade/diploma/entrepreneurship,Science/Mathematics is common for engineering and architecture; diploma/ITI routes may start after Class 10.,State/UT ITI admission process; many CTS seats are merit/admission based. Check the state portal.,B.Tech/B.Arch/diploma/ITI or related design and construction qualifications.,"Maths, drawing/CAD, structures, surveying, construction methods, materials and safety.","Spatial thinking, technical drawing, planning, measurements, teamwork and site awareness.","Structures, construction management, BIM/CAD, urban planning, interiors or sustainable design.","Site/Design Engineer, CAD/BIM Technician, Architectural Assistant, Survey/Construction professional.","M.Tech/M.Arch/M.Plan/MBA, advanced CAD/BIM certifications or professional registration where applicable.",Trainee → Technician → Senior Technician → Supervisor/Foreman → Specialist/Contractor/Entrepreneur.,Office/campus/lab/site/field/studio/service/workshop or mixed settings depending on the role.,Typically 1–2 years for many ITI/CTS trades; some trades differ,"Government ITIs are generally low-fee; private ITIs/skill centres can be roughly ₹10,000–₹1,00,000+ depending on trade and institute.","National Scholarship Portal (NSP), state scholarships, institution merit/need aid and eligible category-specific schemes; eligibility must be checked for the exact course and institute. State ITI concessions and skill-training support may also apply.","Manufacturing, utilities, construction, automotive, maintenance, service companies, public-sector technical roles where eligible and self-employment.","Clear qualification pathway, multiple specialization choices and opportunities to build experience or move into leadership/entrepreneurship.","Admission competition, changing skill requirements and the need to choose a recognized course/institute carefully.","If you like buildings, design and seeing projects become real, Mason (Civil) can be a practical career direction.","MVP seed — verify exact eligibility, fees, exam rules and local admissions before public launch.",2026-09-26
88,foundryman,D,ITI / Skill-Trade,Foundryman,"Foundryman is a practical skill pathway focused on a specific trade, tool, machine, service or production task.","Students who prefer hands-on learning, practical work and visible results.",10th → State/UT ITI admission → Foundryman → Apprenticeship/Technician role → advanced trade/diploma/entrepreneurship,Class 10; exact trade eligibility varies.,State/UT ITI admission process; many CTS seats are merit/admission based. Check the state portal.,"ITI/CTS trade, short-term skill course, apprenticeship or trade certification.","Trade theory, workshop calculation/science, tools, safety and practical training.","Tool handling, measurements, safety, troubleshooting, discipline and practical execution.","Trade specialization, advanced technician skills, supervisor skills, entrepreneurship or related diploma.","Technician, Operator, Skilled Worker, Maintenance/Service Technician or independent service provider.","Apprenticeship, diploma, advanced trade certification or CITS for eligible candidates.",Trainee → Technician → Senior Technician → Supervisor/Foreman → Specialist/Contractor/Entrepreneur.,Office/campus/lab/site/field/studio/service/workshop or mixed settings depending on the role.,Typically 1–2 years for many ITI/CTS trades; some trades differ,"Government ITIs are generally low-fee; private ITIs/skill centres can be roughly ₹10,000–₹1,00,000+ depending on trade and institute.","National Scholarship Portal (NSP), state scholarships, institution merit/need aid and eligible category-specific schemes; eligibility must be checked for the exact course and institute. State ITI concessions and skill-training support may also apply.","Manufacturing, utilities, construction, automotive, maintenance, service companies, public-sector technical roles where eligible and self-employment.","Clear qualification pathway, multiple specialization choices and opportunities to build experience or move into leadership/entrepreneurship.","Admission competition, changing skill requirements and the need to choose a recognized course/institute carefully.",You learn a practical skill in Foundryman and can enter work faster through training and apprenticeship.,"MVP seed — verify exact eligibility, fees, exam rules and local admissions before public launch.",2026-09-26
89,tool-die-maker,D,ITI / Skill-Trade,Tool & Die Maker,"Tool & Die Maker focuses on machines, manufacturing, maintenance, vehicles or mechanical production.","Students who like machines, tools, physics, practical work and fixing or building things.",10th → State/UT ITI admission → Tool & Die Maker → Apprenticeship/Technician role → advanced trade/diploma/entrepreneurship,MPC/Science for degree engineering; Class 10 is sufficient for many ITI trades.,State/UT ITI admission process; many CTS seats are merit/admission based. Check the state portal.,"B.Tech/B.E., diploma, ITI trade or skill certification depending on the route.","Engineering mechanics, materials, manufacturing, CAD/CAM, machine tools, maintenance and safety.","Mechanical reasoning, measurements, tool handling, CAD/technical drawing and troubleshooting.","Automotive, manufacturing, CNC, robotics, design, maintenance, HVAC or production.","Mechanical/production technician, design or maintenance engineer, CNC operator/programmer, service technician.","Diploma-to-degree, B.Tech lateral entry where eligible, M.Tech or advanced trade certifications.",Trainee → Technician → Senior Technician → Supervisor/Foreman → Specialist/Contractor/Entrepreneur.,Office/campus/lab/site/field/studio/service/workshop or mixed settings depending on the role.,Typically 1–2 years for many ITI/CTS trades; some trades differ,"Government ITIs are generally low-fee; private ITIs/skill centres can be roughly ₹10,000–₹1,00,000+ depending on trade and institute.","National Scholarship Portal (NSP), state scholarships, institution merit/need aid and eligible category-specific schemes; eligibility must be checked for the exact course and institute. State ITI concessions and skill-training support may also apply.","Manufacturing, utilities, construction, automotive, maintenance, service companies, public-sector technical roles where eligible and self-employment.","Clear qualification pathway, multiple specialization choices and opportunities to build experience or move into leadership/entrepreneurship.","Admission competition, changing skill requirements and the need to choose a recognized course/institute carefully.","You learn how machines and mechanical systems are made, operated, repaired or improved in Tool & Die Maker.","MVP seed — verify exact eligibility, fees, exam rules and local admissions before public launch.",2026-09-26
90,cnc-programmer,D,ITI / Skill-Trade,CNC Programmer,"CNC Programmer focuses on machines, manufacturing, maintenance, vehicles or mechanical production.","Students who like machines, tools, physics, practical work and fixing or building things.",10th → State/UT ITI admission → CNC Programmer → Apprenticeship/Technician role → advanced trade/diploma/entrepreneurship,MPC/Science for degree engineering; Class 10 is sufficient for many ITI trades.,State/UT ITI admission process; many CTS seats are merit/admission based. Check the state portal.,"B.Tech/B.E., diploma, ITI trade or skill certification depending on the route.","Engineering mechanics, materials, manufacturing, CAD/CAM, machine tools, maintenance and safety.","Mechanical reasoning, measurements, tool handling, CAD/technical drawing and troubleshooting.","Automotive, manufacturing, CNC, robotics, design, maintenance, HVAC or production.","Mechanical/production technician, design or maintenance engineer, CNC operator/programmer, service technician.","Diploma-to-degree, B.Tech lateral entry where eligible, M.Tech or advanced trade certifications.",Trainee → Technician → Senior Technician → Supervisor/Foreman → Specialist/Contractor/Entrepreneur.,Office/campus/lab/site/field/studio/service/workshop or mixed settings depending on the role.,Typically 1–2 years for many ITI/CTS trades; some trades differ,"Government ITIs are generally low-fee; private ITIs/skill centres can be roughly ₹10,000–₹1,00,000+ depending on trade and institute.","National Scholarship Portal (NSP), state scholarships, institution merit/need aid and eligible category-specific schemes; eligibility must be checked for the exact course and institute. State ITI concessions and skill-training support may also apply.","Manufacturing, utilities, construction, automotive, maintenance, service companies, public-sector technical roles where eligible and self-employment.","Clear qualification pathway, multiple specialization choices and opportunities to build experience or move into leadership/entrepreneurship.","Admission competition, changing skill requirements and the need to choose a recognized course/institute carefully.","You learn how machines and mechanical systems are made, operated, repaired or improved in CNC Programmer.","MVP seed — verify exact eligibility, fees, exam rules and local admissions before public launch.",2026-09-26
91,mechanic-auto-body-repair,D,ITI / Skill-Trade,Mechanic Auto Body Repair,"Mechanic Auto Body Repair focuses on using computing, digital systems or data to build and improve technology solutions.","Students who enjoy computers, logic, problem-solving, mathematics and learning new technology.",10th → State/UT ITI admission → Mechanic Auto Body Repair → Apprenticeship/Technician role → advanced trade/diploma/entrepreneurship,MPC/Science is the strongest route for engineering; other computing degrees may accept different streams.,State/UT ITI admission process; many CTS seats are merit/admission based. Check the state portal.,"Relevant degree/diploma/certificate in computing, IT, software, AI, data or cybersecurity.","Programming, databases, algorithms, computer systems, networking, mathematics/statistics and project work.","Logical thinking, coding or digital tools, problem-solving, communication and continuous learning.","AI/ML, cloud, cybersecurity, data, web/mobile, DevOps, automation or product technology.","Developer, IT Engineer, Data/AI role, Cloud/Support Engineer, Security Analyst or digital specialist.","M.Tech/M.S./MCA/MBA, advanced certifications, specialization or research.",Trainee → Technician → Senior Technician → Supervisor/Foreman → Specialist/Contractor/Entrepreneur.,Office/campus/lab/site/field/studio/service/workshop or mixed settings depending on the role.,Typically 1–2 years for many ITI/CTS trades; some trades differ,"Government ITIs are generally low-fee; private ITIs/skill centres can be roughly ₹10,000–₹1,00,000+ depending on trade and institute.","National Scholarship Portal (NSP), state scholarships, institution merit/need aid and eligible category-specific schemes; eligibility must be checked for the exact course and institute. State ITI concessions and skill-training support may also apply.","Manufacturing, utilities, construction, automotive, maintenance, service companies, public-sector technical roles where eligible and self-employment.","Clear qualification pathway, multiple specialization choices and opportunities to build experience or move into leadership/entrepreneurship.","Admission competition, changing skill requirements and the need to choose a recognized course/institute carefully.","If you like technology and want to solve real problems using digital tools, Mechanic Auto Body Repair can be a good path.","MVP seed — verify exact eligibility, fees, exam rules and local admissions before public launch.",2026-09-26
92,driver-cum-mechanic-lmv,D,ITI / Skill-Trade,Driver-cum-Mechanic (LMV),Driver-cum-Mechanic (LMV) is a structured career/education pathway that can lead from Class 10 to a job or higher study.,Students who are interested in this subject and are ready to build the required academic and practical skills.,10th → State/UT ITI admission → Driver-cum-Mechanic (LMV) → Apprenticeship/Technician role → advanced trade/diploma/entrepreneurship,Depends on the exact qualification; check current eligibility before admission.,State/UT ITI admission process; many CTS seats are merit/admission based. Check the state portal.,"Relevant certificate, diploma or degree programme.",Core theory plus practical/project work related to the field.,"Communication, problem-solving, digital literacy, teamwork and field-specific skills.",Specializations depend on the chosen institution and programme.,"Entry-level roles related to the qualification, with experience-based progression.","Advanced diploma, degree, PG study or professional certification as applicable.",Trainee → Technician → Senior Technician → Supervisor/Foreman → Specialist/Contractor/Entrepreneur.,Office/campus/lab/site/field/studio/service/workshop or mixed settings depending on the role.,Typically 1–2 years for many ITI/CTS trades; some trades differ,"Government ITIs are generally low-fee; private ITIs/skill centres can be roughly ₹10,000–₹1,00,000+ depending on trade and institute.","National Scholarship Portal (NSP), state scholarships, institution merit/need aid and eligible category-specific schemes; eligibility must be checked for the exact course and institute. State ITI concessions and skill-training support may also apply.","Manufacturing, utilities, construction, automotive, maintenance, service companies, public-sector technical roles where eligible and self-employment.","Clear qualification pathway, multiple specialization choices and opportunities to build experience or move into leadership/entrepreneurship.","Admission competition, changing skill requirements and the need to choose a recognized course/institute carefully.",This is a step-by-step route to build skills and qualifications for Driver-cum-Mechanic (LMV).,"MVP seed — verify exact eligibility, fees, exam rules and local admissions before public launch.",2026-09-26
93,dress-making,D,ITI / Skill-Trade,Dress Making,"Dress Making is a practical skill pathway focused on a specific trade, tool, machine, service or production task.","Students who prefer hands-on learning, practical work and visible results.",10th → State/UT ITI admission → Dress Making → Apprenticeship/Technician role → advanced trade/diploma/entrepreneurship,Class 10; exact trade eligibility varies.,State/UT ITI admission process; many CTS seats are merit/admission based. Check the state portal.,"ITI/CTS trade, short-term skill course, apprenticeship or trade certification.","Trade theory, workshop calculation/science, tools, safety and practical training.","Tool handling, measurements, safety, troubleshooting, discipline and practical execution.","Trade specialization, advanced technician skills, supervisor skills, entrepreneurship or related diploma.","Technician, Operator, Skilled Worker, Maintenance/Service Technician or independent service provider.","Apprenticeship, diploma, advanced trade certification or CITS for eligible candidates.",Trainee → Technician → Senior Technician → Supervisor/Foreman → Specialist/Contractor/Entrepreneur.,Office/campus/lab/site/field/studio/service/workshop or mixed settings depending on the role.,Typically 1–2 years for many ITI/CTS trades; some trades differ,"Government ITIs are generally low-fee; private ITIs/skill centres can be roughly ₹10,000–₹1,00,000+ depending on trade and institute.","National Scholarship Portal (NSP), state scholarships, institution merit/need aid and eligible category-specific schemes; eligibility must be checked for the exact course and institute. State ITI concessions and skill-training support may also apply.","Manufacturing, utilities, construction, automotive, maintenance, service companies, public-sector technical roles where eligible and self-employment.","Clear qualification pathway, multiple specialization choices and opportunities to build experience or move into leadership/entrepreneurship.","Admission competition, changing skill requirements and the need to choose a recognized course/institute carefully.",You learn a practical skill in Dress Making and can enter work faster through training and apprenticeship.,"MVP seed — verify exact eligibility, fees, exam rules and local admissions before public launch.",2026-09-26
94,sewing-technology,D,ITI / Skill-Trade,Sewing Technology,"Sewing Technology is a practical skill pathway focused on a specific trade, tool, machine, service or production task.","Students who prefer hands-on learning, practical work and visible results.",10th → State/UT ITI admission → Sewing Technology → Apprenticeship/Technician role → advanced trade/diploma/entrepreneurship,Class 10; exact trade eligibility varies.,State/UT ITI admission process; many CTS seats are merit/admission based. Check the state portal.,"ITI/CTS trade, short-term skill course, apprenticeship or trade certification.","Trade theory, workshop calculation/science, tools, safety and practical training.","Tool handling, measurements, safety, troubleshooting, discipline and practical execution.","Trade specialization, advanced technician skills, supervisor skills, entrepreneurship or related diploma.","Technician, Operator, Skilled Worker, Maintenance/Service Technician or independent service provider.","Apprenticeship, diploma, advanced trade certification or CITS for eligible candidates.",Trainee → Technician → Senior Technician → Supervisor/Foreman → Specialist/Contractor/Entrepreneur.,Office/campus/lab/site/field/studio/service/workshop or mixed settings depending on the role.,Typically 1–2 years for many ITI/CTS trades; some trades differ,"Government ITIs are generally low-fee; private ITIs/skill centres can be roughly ₹10,000–₹1,00,000+ depending on trade and institute.","National Scholarship Portal (NSP), state scholarships, institution merit/need aid and eligible category-specific schemes; eligibility must be checked for the exact course and institute. State ITI concessions and skill-training support may also apply.","Manufacturing, utilities, construction, automotive, maintenance, service companies, public-sector technical roles where eligible and self-employment.","Clear qualification pathway, multiple specialization choices and opportunities to build experience or move into leadership/entrepreneurship.","Admission competition, changing skill requirements and the need to choose a recognized course/institute carefully.",You learn a practical skill in Sewing Technology and can enter work faster through training and apprenticeship.,"MVP seed — verify exact eligibility, fees, exam rules and local admissions before public launch.",2026-09-26
95,fashion-technology,D,ITI / Skill-Trade,Fashion Technology,"Fashion Technology is a creative career focused on visual communication, storytelling, design, performance or digital media.","Students who enjoy drawing, making things, storytelling, fashion, media, design or performance.",10th → State/UT ITI admission → Fashion Technology → Apprenticeship/Technician role → advanced trade/diploma/entrepreneurship,Often open to multiple streams; portfolio and aptitude can matter more than a particular stream.,NIFT/NID or institute portfolio/aptitude process where applicable; many private courses have no national exam.,"Certificate/diploma/degree in design, media, fine arts, animation or a related discipline.","Design principles, software/tools, visual communication, portfolio work and project practice.","Creativity, portfolio building, communication, software/tool proficiency and client understanding.","Branding, UX/UI, animation, VFX, fashion, interiors, illustration, film or content.","Designer, Animator, Editor, Content/Media professional, Art/Creative Associate or Freelancer.","PG design/media/arts programme, specialist certifications or professional portfolio development.",Trainee → Technician → Senior Technician → Supervisor/Foreman → Specialist/Contractor/Entrepreneur.,Office/campus/lab/site/field/studio/service/workshop or mixed settings depending on the role.,Typically 1–2 years for many ITI/CTS trades; some trades differ,"Government ITIs are generally low-fee; private ITIs/skill centres can be roughly ₹10,000–₹1,00,000+ depending on trade and institute.","National Scholarship Portal (NSP), state scholarships, institution merit/need aid and eligible category-specific schemes; eligibility must be checked for the exact course and institute. State ITI concessions and skill-training support may also apply.","Manufacturing, utilities, construction, automotive, maintenance, service companies, public-sector technical roles where eligible and self-employment.","Clear qualification pathway, multiple specialization choices and opportunities to build experience or move into leadership/entrepreneurship.","Admission competition, changing skill requirements and the need to choose a recognized course/institute carefully.","If you enjoy creating and expressing ideas, Fashion Technology can turn creativity into a professional skill.","MVP seed — verify exact eligibility, fees, exam rules and local admissions before public launch.",2026-09-26
96,food-production-general,D,ITI / Skill-Trade,Food Production (General),"Food Production (General) is a practical skill pathway focused on a specific trade, tool, machine, service or production task.","Students who prefer hands-on learning, practical work and visible results.",10th → State/UT ITI admission → Food Production (General) → Apprenticeship/Technician role → advanced trade/diploma/entrepreneurship,Class 10; exact trade eligibility varies.,State/UT ITI admission process; many CTS seats are merit/admission based. Check the state portal.,"ITI/CTS trade, short-term skill course, apprenticeship or trade certification.","Trade theory, workshop calculation/science, tools, safety and practical training.","Tool handling, measurements, safety, troubleshooting, discipline and practical execution.","Trade specialization, advanced technician skills, supervisor skills, entrepreneurship or related diploma.","Technician, Operator, Skilled Worker, Maintenance/Service Technician or independent service provider.","Apprenticeship, diploma, advanced trade certification or CITS for eligible candidates.",Trainee → Technician → Senior Technician → Supervisor/Foreman → Specialist/Contractor/Entrepreneur.,Office/campus/lab/site/field/studio/service/workshop or mixed settings depending on the role.,Typically 1–2 years for many ITI/CTS trades; some trades differ,"Government ITIs are generally low-fee; private ITIs/skill centres can be roughly ₹10,000–₹1,00,000+ depending on trade and institute.","National Scholarship Portal (NSP), state scholarships, institution merit/need aid and eligible category-specific schemes; eligibility must be checked for the exact course and institute. State ITI concessions and skill-training support may also apply.","Manufacturing, utilities, construction, automotive, maintenance, service companies, public-sector technical roles where eligible and self-employment.","Clear qualification pathway, multiple specialization choices and opportunities to build experience or move into leadership/entrepreneurship.","Admission competition, changing skill requirements and the need to choose a recognized course/institute carefully.",You learn a practical skill in Food Production (General) and can enter work faster through training and apprenticeship.,"MVP seed — verify exact eligibility, fees, exam rules and local admissions before public launch.",2026-09-26
97,baker-confectioner,D,ITI / Skill-Trade,Baker & Confectioner,"Baker & Confectioner is a practical skill pathway focused on a specific trade, tool, machine, service or production task.","Students who prefer hands-on learning, practical work and visible results.",10th → State/UT ITI admission → Baker & Confectioner → Apprenticeship/Technician role → advanced trade/diploma/entrepreneurship,Class 10; exact trade eligibility varies.,State/UT ITI admission process; many CTS seats are merit/admission based. Check the state portal.,"ITI/CTS trade, short-term skill course, apprenticeship or trade certification.","Trade theory, workshop calculation/science, tools, safety and practical training.","Tool handling, measurements, safety, troubleshooting, discipline and practical execution.","Trade specialization, advanced technician skills, supervisor skills, entrepreneurship or related diploma.","Technician, Operator, Skilled Worker, Maintenance/Service Technician or independent service provider.","Apprenticeship, diploma, advanced trade certification or CITS for eligible candidates.",Trainee → Technician → Senior Technician → Supervisor/Foreman → Specialist/Contractor/Entrepreneur.,Office/campus/lab/site/field/studio/service/workshop or mixed settings depending on the role.,Typically 1–2 years for many ITI/CTS trades; some trades differ,"Government ITIs are generally low-fee; private ITIs/skill centres can be roughly ₹10,000–₹1,00,000+ depending on trade and institute.","National Scholarship Portal (NSP), state scholarships, institution merit/need aid and eligible category-specific schemes; eligibility must be checked for the exact course and institute. State ITI concessions and skill-training support may also apply.","Manufacturing, utilities, construction, automotive, maintenance, service companies, public-sector technical roles where eligible and self-employment.","Clear qualification pathway, multiple specialization choices and opportunities to build experience or move into leadership/entrepreneurship.","Admission competition, changing skill requirements and the need to choose a recognized course/institute carefully.",You learn a practical skill in Baker & Confectioner and can enter work faster through training and apprenticeship.,"MVP seed — verify exact eligibility, fees, exam rules and local admissions before public launch.",2026-09-26
98,fire-industrial-safety,D,ITI / Skill-Trade,Fire & Industrial Safety,"Fire & Industrial Safety is a practical skill pathway focused on a specific trade, tool, machine, service or production task.","Students who prefer hands-on learning, practical work and visible results.",10th → State/UT ITI admission → Fire & Industrial Safety → Apprenticeship/Technician role → advanced trade/diploma/entrepreneurship,Class 10; exact trade eligibility varies.,State/UT ITI admission process; many CTS seats are merit/admission based. Check the state portal.,"ITI/CTS trade, short-term skill course, apprenticeship or trade certification.","Trade theory, workshop calculation/science, tools, safety and practical training.","Tool handling, measurements, safety, troubleshooting, discipline and practical execution.","Trade specialization, advanced technician skills, supervisor skills, entrepreneurship or related diploma.","Technician, Operator, Skilled Worker, Maintenance/Service Technician or independent service provider.","Apprenticeship, diploma, advanced trade certification or CITS for eligible candidates.",Trainee → Technician → Senior Technician → Supervisor/Foreman → Specialist/Contractor/Entrepreneur.,Office/campus/lab/site/field/studio/service/workshop or mixed settings depending on the role.,Typically 1–2 years for many ITI/CTS trades; some trades differ,"Government ITIs are generally low-fee; private ITIs/skill centres can be roughly ₹10,000–₹1,00,000+ depending on trade and institute.","National Scholarship Portal (NSP), state scholarships, institution merit/need aid and eligible category-specific schemes; eligibility must be checked for the exact course and institute. State ITI concessions and skill-training support may also apply.","Manufacturing, utilities, construction, automotive, maintenance, service companies, public-sector technical roles where eligible and self-employment.","Clear qualification pathway, multiple specialization choices and opportunities to build experience or move into leadership/entrepreneurship.","Admission competition, changing skill requirements and the need to choose a recognized course/institute carefully.",You learn a practical skill in Fire & Industrial Safety and can enter work faster through training and apprenticeship.,"MVP seed — verify exact eligibility, fees, exam rules and local admissions before public launch.",2026-09-26
99,welder,D,ITI / Skill-Trade,Welder,"Welder is a practical skill pathway focused on a specific trade, tool, machine, service or production task.","Students who prefer hands-on learning, practical work and visible results.",10th → State/UT ITI admission → Welder → Apprenticeship/Technician role → advanced trade/diploma/entrepreneurship,Class 10; exact trade eligibility varies.,State/UT ITI admission process; many CTS seats are merit/admission based. Check the state portal.,"ITI/CTS trade, short-term skill course, apprenticeship or trade certification.","Trade theory, workshop calculation/science, tools, safety and practical training.","Tool handling, measurements, safety, troubleshooting, discipline and practical execution.","Trade specialization, advanced technician skills, supervisor skills, entrepreneurship or related diploma.","Technician, Operator, Skilled Worker, Maintenance/Service Technician or independent service provider.","Apprenticeship, diploma, advanced trade certification or CITS for eligible candidates.",Trainee → Technician → Senior Technician → Supervisor/Foreman → Specialist/Contractor/Entrepreneur.,Office/campus/lab/site/field/studio/service/workshop or mixed settings depending on the role.,Typically 1–2 years for many ITI/CTS trades; some trades differ,"Government ITIs are generally low-fee; private ITIs/skill centres can be roughly ₹10,000–₹1,00,000+ depending on trade and institute.","National Scholarship Portal (NSP), state scholarships, institution merit/need aid and eligible category-specific schemes; eligibility must be checked for the exact course and institute. State ITI concessions and skill-training support may also apply.","Manufacturing, utilities, construction, automotive, maintenance, service companies, public-sector technical roles where eligible and self-employment.","Clear qualification pathway, multiple specialization choices and opportunities to build experience or move into leadership/entrepreneurship.","Admission competition, changing skill requirements and the need to choose a recognized course/institute carefully.",You learn a practical skill in Welder and can enter work faster through training and apprenticeship.,"MVP seed — verify exact eligibility, fees, exam rules and local admissions before public launch.",2026-09-26
100,painter-general,D,ITI / Skill-Trade,Painter (General),"Painter (General) focuses on using computing, digital systems or data to build and improve technology solutions.","Students who enjoy computers, logic, problem-solving, mathematics and learning new technology.",10th → State/UT ITI admission → Painter (General) → Apprenticeship/Technician role → advanced trade/diploma/entrepreneurship,MPC/Science is the strongest route for engineering; other computing degrees may accept different streams.,State/UT ITI admission process; many CTS seats are merit/admission based. Check the state portal.,"Relevant degree/diploma/certificate in computing, IT, software, AI, data or cybersecurity.","Programming, databases, algorithms, computer systems, networking, mathematics/statistics and project work.","Logical thinking, coding or digital tools, problem-solving, communication and continuous learning.","AI/ML, cloud, cybersecurity, data, web/mobile, DevOps, automation or product technology.","Developer, IT Engineer, Data/AI role, Cloud/Support Engineer, Security Analyst or digital specialist.","M.Tech/M.S./MCA/MBA, advanced certifications, specialization or research.",Trainee → Technician → Senior Technician → Supervisor/Foreman → Specialist/Contractor/Entrepreneur.,Office/campus/lab/site/field/studio/service/workshop or mixed settings depending on the role.,Typically 1–2 years for many ITI/CTS trades; some trades differ,"Government ITIs are generally low-fee; private ITIs/skill centres can be roughly ₹10,000–₹1,00,000+ depending on trade and institute.","National Scholarship Portal (NSP), state scholarships, institution merit/need aid and eligible category-specific schemes; eligibility must be checked for the exact course and institute. State ITI concessions and skill-training support may also apply.","Manufacturing, utilities, construction, automotive, maintenance, service companies, public-sector technical roles where eligible and self-employment.","Clear qualification pathway, multiple specialization choices and opportunities to build experience or move into leadership/entrepreneurship.","Admission competition, changing skill requirements and the need to choose a recognized course/institute carefully.","If you like technology and want to solve real problems using digital tools, Painter (General) can be a good path.","MVP seed — verify exact eligibility, fees, exam rules and local admissions before public launch.",2026-09-26
101,civil-engineering-diploma,E,Polytechnic / Diploma,Civil Engineering (Diploma),"Civil Engineering (Diploma) is related to planning, designing, constructing or maintaining buildings and physical spaces.","Students who enjoy drawing, construction, maths, design, planning and real-world projects.",10th → State Polytechnic/Diploma admission → Civil Engineering (Diploma) → Technician/Junior Technical role → lateral-entry degree or higher specialization,Science/Mathematics is common for engineering and architecture; diploma/ITI routes may start after Class 10.,"State Polytechnic/Diploma entrance or merit-based admission, depending on state/institution.",B.Tech/B.Arch/diploma/ITI or related design and construction qualifications.,"Maths, drawing/CAD, structures, surveying, construction methods, materials and safety.","Spatial thinking, technical drawing, planning, measurements, teamwork and site awareness.","Structures, construction management, BIM/CAD, urban planning, interiors or sustainable design.","Site/Design Engineer, CAD/BIM Technician, Architectural Assistant, Survey/Construction professional.","M.Tech/M.Arch/M.Plan/MBA, advanced CAD/BIM certifications or professional registration where applicable.",Diploma Trainee/Technician → Technical Executive/Engineer where eligible → Senior → Supervisor/Lead → Manager or Entrepreneur.,Office/campus/lab/site/field/studio/service/workshop or mixed settings depending on the role.,Usually 3 years after Class 10,"Government polytechnics can be roughly ₹20,000–₹1,50,000 total; private diploma colleges can be ₹1,00,000–₹5,00,000+.","National Scholarship Portal (NSP), state scholarships, institution merit/need aid and eligible category-specific schemes; eligibility must be checked for the exact course and institute.","Engineering companies, infrastructure, manufacturing, labs, contractors, service firms and government technical roles where eligible.","Clear qualification pathway, multiple specialization choices and opportunities to build experience or move into leadership/entrepreneurship.","Admission competition, changing skill requirements and the need to choose a recognized course/institute carefully.","If you like buildings, design and seeing projects become real, Civil Engineering (Diploma) can be a practical career direction.","MVP seed — verify exact eligibility, fees, exam rules and local admissions before public launch.",2026-09-26
102,mechanical-engineering-diploma,E,Polytechnic / Diploma,Mechanical Engineering (Diploma),"Mechanical Engineering (Diploma) focuses on machines, manufacturing, maintenance, vehicles or mechanical production.","Students who like machines, tools, physics, practical work and fixing or building things.",10th → State Polytechnic/Diploma admission → Mechanical Engineering (Diploma) → Technician/Junior Technical role → lateral-entry degree or higher specialization,MPC/Science for degree engineering; Class 10 is sufficient for many ITI trades.,"State Polytechnic/Diploma entrance or merit-based admission, depending on state/institution.","B.Tech/B.E., diploma, ITI trade or skill certification depending on the route.","Engineering mechanics, materials, manufacturing, CAD/CAM, machine tools, maintenance and safety.","Mechanical reasoning, measurements, tool handling, CAD/technical drawing and troubleshooting.","Automotive, manufacturing, CNC, robotics, design, maintenance, HVAC or production.","Mechanical/production technician, design or maintenance engineer, CNC operator/programmer, service technician.","Diploma-to-degree, B.Tech lateral entry where eligible, M.Tech or advanced trade certifications.",Diploma Trainee/Technician → Technical Executive/Engineer where eligible → Senior → Supervisor/Lead → Manager or Entrepreneur.,Office/campus/lab/site/field/studio/service/workshop or mixed settings depending on the role.,Usually 3 years after Class 10,"Government polytechnics can be roughly ₹20,000–₹1,50,000 total; private diploma colleges can be ₹1,00,000–₹5,00,000+.","National Scholarship Portal (NSP), state scholarships, institution merit/need aid and eligible category-specific schemes; eligibility must be checked for the exact course and institute.","Engineering companies, infrastructure, manufacturing, labs, contractors, service firms and government technical roles where eligible.","Clear qualification pathway, multiple specialization choices and opportunities to build experience or move into leadership/entrepreneurship.","Admission competition, changing skill requirements and the need to choose a recognized course/institute carefully.","You learn how machines and mechanical systems are made, operated, repaired or improved in Mechanical Engineering (Diploma).","MVP seed — verify exact eligibility, fees, exam rules and local admissions before public launch.",2026-09-26
103,electrical-engineering-diploma,E,Polytechnic / Diploma,Electrical Engineering (Diploma),"Electrical Engineering (Diploma) deals with electrical/electronic systems, devices, controls, communication or automation.","Students who like gadgets, electricity, circuits, physics and hands-on troubleshooting.",10th → State Polytechnic/Diploma admission → Electrical Engineering (Diploma) → Technician/Junior Technical role → lateral-entry degree or higher specialization,MPC/Science for degree engineering; Class 10 can lead to relevant ITI/diploma routes.,"State Polytechnic/Diploma entrance or merit-based admission, depending on state/institution.","B.Tech/B.E., diploma, ITI or skill certification depending on the pathway.","Circuits, electronics, electrical machines, measurements, control, microcontrollers and safety.","Technical reasoning, measurement, debugging, safety, documentation and problem-solving.","Embedded systems, VLSI, IoT, automation, power, telecom or control systems.","Electronics/Electrical Technician or Engineer, Maintenance/Controls Engineer, Embedded Technician.","B.Tech lateral entry where eligible, M.Tech/M.S. or advanced technical certifications.",Diploma Trainee/Technician → Technical Executive/Engineer where eligible → Senior → Supervisor/Lead → Manager or Entrepreneur.,Office/campus/lab/site/field/studio/service/workshop or mixed settings depending on the role.,Usually 3 years after Class 10,"Government polytechnics can be roughly ₹20,000–₹1,50,000 total; private diploma colleges can be ₹1,00,000–₹5,00,000+.","National Scholarship Portal (NSP), state scholarships, institution merit/need aid and eligible category-specific schemes; eligibility must be checked for the exact course and institute.","Engineering companies, infrastructure, manufacturing, labs, contractors, service firms and government technical roles where eligible.","Clear qualification pathway, multiple specialization choices and opportunities to build experience or move into leadership/entrepreneurship.","Admission competition, changing skill requirements and the need to choose a recognized course/institute carefully.","This path teaches you how electrical and electronic systems work and how to install, test or improve them.","MVP seed — verify exact eligibility, fees, exam rules and local admissions before public launch.",2026-09-26
104,electronics-communication-diploma,E,Polytechnic / Diploma,Electronics & Communication (Diploma),"Electronics & Communication (Diploma) deals with electrical/electronic systems, devices, controls, communication or automation.","Students who like gadgets, electricity, circuits, physics and hands-on troubleshooting.",10th → State Polytechnic/Diploma admission → Electronics & Communication (Diploma) → Technician/Junior Technical role → lateral-entry degree or higher specialization,MPC/Science for degree engineering; Class 10 can lead to relevant ITI/diploma routes.,"State Polytechnic/Diploma entrance or merit-based admission, depending on state/institution.","B.Tech/B.E., diploma, ITI or skill certification depending on the pathway.","Circuits, electronics, electrical machines, measurements, control, microcontrollers and safety.","Technical reasoning, measurement, debugging, safety, documentation and problem-solving.","Embedded systems, VLSI, IoT, automation, power, telecom or control systems.","Electronics/Electrical Technician or Engineer, Maintenance/Controls Engineer, Embedded Technician.","B.Tech lateral entry where eligible, M.Tech/M.S. or advanced technical certifications.",Diploma Trainee/Technician → Technical Executive/Engineer where eligible → Senior → Supervisor/Lead → Manager or Entrepreneur.,Office/campus/lab/site/field/studio/service/workshop or mixed settings depending on the role.,Usually 3 years after Class 10,"Government polytechnics can be roughly ₹20,000–₹1,50,000 total; private diploma colleges can be ₹1,00,000–₹5,00,000+.","National Scholarship Portal (NSP), state scholarships, institution merit/need aid and eligible category-specific schemes; eligibility must be checked for the exact course and institute.","Engineering companies, infrastructure, manufacturing, labs, contractors, service firms and government technical roles where eligible.","Clear qualification pathway, multiple specialization choices and opportunities to build experience or move into leadership/entrepreneurship.","Admission competition, changing skill requirements and the need to choose a recognized course/institute carefully.","This path teaches you how electrical and electronic systems work and how to install, test or improve them.","MVP seed — verify exact eligibility, fees, exam rules and local admissions before public launch.",2026-09-26
105,computer-engineering-diploma,E,Polytechnic / Diploma,Computer Engineering (Diploma),"Computer Engineering (Diploma) focuses on using computing, digital systems or data to build and improve technology solutions.","Students who enjoy computers, logic, problem-solving, mathematics and learning new technology.",10th → State Polytechnic/Diploma admission → Computer Engineering (Diploma) → Technician/Junior Technical role → lateral-entry degree or higher specialization,MPC/Science is the strongest route for engineering; other computing degrees may accept different streams.,"State Polytechnic/Diploma entrance or merit-based admission, depending on state/institution.","Relevant degree/diploma/certificate in computing, IT, software, AI, data or cybersecurity.","Programming, databases, algorithms, computer systems, networking, mathematics/statistics and project work.","Logical thinking, coding or digital tools, problem-solving, communication and continuous learning.","AI/ML, cloud, cybersecurity, data, web/mobile, DevOps, automation or product technology.","Developer, IT Engineer, Data/AI role, Cloud/Support Engineer, Security Analyst or digital specialist.","M.Tech/M.S./MCA/MBA, advanced certifications, specialization or research.",Diploma Trainee/Technician → Technical Executive/Engineer where eligible → Senior → Supervisor/Lead → Manager or Entrepreneur.,Office/campus/lab/site/field/studio/service/workshop or mixed settings depending on the role.,Usually 3 years after Class 10,"Government polytechnics can be roughly ₹20,000–₹1,50,000 total; private diploma colleges can be ₹1,00,000–₹5,00,000+.","National Scholarship Portal (NSP), state scholarships, institution merit/need aid and eligible category-specific schemes; eligibility must be checked for the exact course and institute.","Engineering companies, infrastructure, manufacturing, labs, contractors, service firms and government technical roles where eligible.","Clear qualification pathway, multiple specialization choices and opportunities to build experience or move into leadership/entrepreneurship.","Admission competition, changing skill requirements and the need to choose a recognized course/institute carefully.","If you like technology and want to solve real problems using digital tools, Computer Engineering (Diploma) can be a good path.","MVP seed — verify exact eligibility, fees, exam rules and local admissions before public launch.",2026-09-26
106,information-technology-diploma,E,Polytechnic / Diploma,Information Technology (Diploma),"Information Technology (Diploma) focuses on using computing, digital systems or data to build and improve technology solutions.","Students who enjoy computers, logic, problem-solving, mathematics and learning new technology.",10th → State Polytechnic/Diploma admission → Information Technology (Diploma) → Technician/Junior Technical role → lateral-entry degree or higher specialization,MPC/Science is the strongest route for engineering; other computing degrees may accept different streams.,"State Polytechnic/Diploma entrance or merit-based admission, depending on state/institution.","Relevant degree/diploma/certificate in computing, IT, software, AI, data or cybersecurity.","Programming, databases, algorithms, computer systems, networking, mathematics/statistics and project work.","Logical thinking, coding or digital tools, problem-solving, communication and continuous learning.","AI/ML, cloud, cybersecurity, data, web/mobile, DevOps, automation or product technology.","Developer, IT Engineer, Data/AI role, Cloud/Support Engineer, Security Analyst or digital specialist.","M.Tech/M.S./MCA/MBA, advanced certifications, specialization or research.",Diploma Trainee/Technician → Technical Executive/Engineer where eligible → Senior → Supervisor/Lead → Manager or Entrepreneur.,Office/campus/lab/site/field/studio/service/workshop or mixed settings depending on the role.,Usually 3 years after Class 10,"Government polytechnics can be roughly ₹20,000–₹1,50,000 total; private diploma colleges can be ₹1,00,000–₹5,00,000+.","National Scholarship Portal (NSP), state scholarships, institution merit/need aid and eligible category-specific schemes; eligibility must be checked for the exact course and institute.","Engineering companies, infrastructure, manufacturing, labs, contractors, service firms and government technical roles where eligible.","Clear qualification pathway, multiple specialization choices and opportunities to build experience or move into leadership/entrepreneurship.","Admission competition, changing skill requirements and the need to choose a recognized course/institute carefully.","If you like technology and want to solve real problems using digital tools, Information Technology (Diploma) can be a good path.","MVP seed — verify exact eligibility, fees, exam rules and local admissions before public launch.",2026-09-26
107,automobile-engineering-diploma,E,Polytechnic / Diploma,Automobile Engineering (Diploma),"Automobile Engineering (Diploma) focuses on machines, manufacturing, maintenance, vehicles or mechanical production.","Students who like machines, tools, physics, practical work and fixing or building things.",10th → State Polytechnic/Diploma admission → Automobile Engineering (Diploma) → Technician/Junior Technical role → lateral-entry degree or higher specialization,MPC/Science for degree engineering; Class 10 is sufficient for many ITI trades.,"State Polytechnic/Diploma entrance or merit-based admission, depending on state/institution.","B.Tech/B.E., diploma, ITI trade or skill certification depending on the route.","Engineering mechanics, materials, manufacturing, CAD/CAM, machine tools, maintenance and safety.","Mechanical reasoning, measurements, tool handling, CAD/technical drawing and troubleshooting.","Automotive, manufacturing, CNC, robotics, design, maintenance, HVAC or production.","Mechanical/production technician, design or maintenance engineer, CNC operator/programmer, service technician.","Diploma-to-degree, B.Tech lateral entry where eligible, M.Tech or advanced trade certifications.",Diploma Trainee/Technician → Technical Executive/Engineer where eligible → Senior → Supervisor/Lead → Manager or Entrepreneur.,Office/campus/lab/site/field/studio/service/workshop or mixed settings depending on the role.,Usually 3 years after Class 10,"Government polytechnics can be roughly ₹20,000–₹1,50,000 total; private diploma colleges can be ₹1,00,000–₹5,00,000+.","National Scholarship Portal (NSP), state scholarships, institution merit/need aid and eligible category-specific schemes; eligibility must be checked for the exact course and institute.","Engineering companies, infrastructure, manufacturing, labs, contractors, service firms and government technical roles where eligible.","Clear qualification pathway, multiple specialization choices and opportunities to build experience or move into leadership/entrepreneurship.","Admission competition, changing skill requirements and the need to choose a recognized course/institute carefully.","You learn how machines and mechanical systems are made, operated, repaired or improved in Automobile Engineering (Diploma).","MVP seed — verify exact eligibility, fees, exam rules and local admissions before public launch.",2026-09-26
108,instrumentation-engineering-diploma,E,Polytechnic / Diploma,Instrumentation Engineering (Diploma),"Instrumentation Engineering (Diploma) deals with electrical/electronic systems, devices, controls, communication or automation.","Students who like gadgets, electricity, circuits, physics and hands-on troubleshooting.",10th → State Polytechnic/Diploma admission → Instrumentation Engineering (Diploma) → Technician/Junior Technical role → lateral-entry degree or higher specialization,MPC/Science for degree engineering; Class 10 can lead to relevant ITI/diploma routes.,"State Polytechnic/Diploma entrance or merit-based admission, depending on state/institution.","B.Tech/B.E., diploma, ITI or skill certification depending on the pathway.","Circuits, electronics, electrical machines, measurements, control, microcontrollers and safety.","Technical reasoning, measurement, debugging, safety, documentation and problem-solving.","Embedded systems, VLSI, IoT, automation, power, telecom or control systems.","Electronics/Electrical Technician or Engineer, Maintenance/Controls Engineer, Embedded Technician.","B.Tech lateral entry where eligible, M.Tech/M.S. or advanced technical certifications.",Diploma Trainee/Technician → Technical Executive/Engineer where eligible → Senior → Supervisor/Lead → Manager or Entrepreneur.,Office/campus/lab/site/field/studio/service/workshop or mixed settings depending on the role.,Usually 3 years after Class 10,"Government polytechnics can be roughly ₹20,000–₹1,50,000 total; private diploma colleges can be ₹1,00,000–₹5,00,000+.","National Scholarship Portal (NSP), state scholarships, institution merit/need aid and eligible category-specific schemes; eligibility must be checked for the exact course and institute.","Engineering companies, infrastructure, manufacturing, labs, contractors, service firms and government technical roles where eligible.","Clear qualification pathway, multiple specialization choices and opportunities to build experience or move into leadership/entrepreneurship.","Admission competition, changing skill requirements and the need to choose a recognized course/institute carefully.","This path teaches you how electrical and electronic systems work and how to install, test or improve them.","MVP seed — verify exact eligibility, fees, exam rules and local admissions before public launch.",2026-09-26
109,chemical-engineering-diploma,E,Polytechnic / Diploma,Chemical Engineering (Diploma),Chemical Engineering (Diploma) is a structured career/education pathway that can lead from Class 10 to a job or higher study.,Students who are interested in this subject and are ready to build the required academic and practical skills.,10th → State Polytechnic/Diploma admission → Chemical Engineering (Diploma) → Technician/Junior Technical role → lateral-entry degree or higher specialization,Depends on the exact qualification; check current eligibility before admission.,"State Polytechnic/Diploma entrance or merit-based admission, depending on state/institution.","Relevant certificate, diploma or degree programme.",Core theory plus practical/project work related to the field.,"Communication, problem-solving, digital literacy, teamwork and field-specific skills.",Specializations depend on the chosen institution and programme.,"Entry-level roles related to the qualification, with experience-based progression.","Advanced diploma, degree, PG study or professional certification as applicable.",Diploma Trainee/Technician → Technical Executive/Engineer where eligible → Senior → Supervisor/Lead → Manager or Entrepreneur.,Office/campus/lab/site/field/studio/service/workshop or mixed settings depending on the role.,Usually 3 years after Class 10,"Government polytechnics can be roughly ₹20,000–₹1,50,000 total; private diploma colleges can be ₹1,00,000–₹5,00,000+.","National Scholarship Portal (NSP), state scholarships, institution merit/need aid and eligible category-specific schemes; eligibility must be checked for the exact course and institute.","Engineering companies, infrastructure, manufacturing, labs, contractors, service firms and government technical roles where eligible.","Clear qualification pathway, multiple specialization choices and opportunities to build experience or move into leadership/entrepreneurship.","Admission competition, changing skill requirements and the need to choose a recognized course/institute carefully.",This is a step-by-step route to build skills and qualifications for Chemical Engineering (Diploma).,"MVP seed — verify exact eligibility, fees, exam rules and local admissions before public launch.",2026-09-26
110,metallurgical-engineering-diploma,E,Polytechnic / Diploma,Metallurgical Engineering (Diploma),Metallurgical Engineering (Diploma) is a structured career/education pathway that can lead from Class 10 to a job or higher study.,Students who are interested in this subject and are ready to build the required academic and practical skills.,10th → State Polytechnic/Diploma admission → Metallurgical Engineering (Diploma) → Technician/Junior Technical role → lateral-entry degree or higher specialization,Depends on the exact qualification; check current eligibility before admission.,"State Polytechnic/Diploma entrance or merit-based admission, depending on state/institution.","Relevant certificate, diploma or degree programme.",Core theory plus practical/project work related to the field.,"Communication, problem-solving, digital literacy, teamwork and field-specific skills.",Specializations depend on the chosen institution and programme.,"Entry-level roles related to the qualification, with experience-based progression.","Advanced diploma, degree, PG study or professional certification as applicable.",Diploma Trainee/Technician → Technical Executive/Engineer where eligible → Senior → Supervisor/Lead → Manager or Entrepreneur.,Office/campus/lab/site/field/studio/service/workshop or mixed settings depending on the role.,Usually 3 years after Class 10,"Government polytechnics can be roughly ₹20,000–₹1,50,000 total; private diploma colleges can be ₹1,00,000–₹5,00,000+.","National Scholarship Portal (NSP), state scholarships, institution merit/need aid and eligible category-specific schemes; eligibility must be checked for the exact course and institute.","Engineering companies, infrastructure, manufacturing, labs, contractors, service firms and government technical roles where eligible.","Clear qualification pathway, multiple specialization choices and opportunities to build experience or move into leadership/entrepreneurship.","Admission competition, changing skill requirements and the need to choose a recognized course/institute carefully.",This is a step-by-step route to build skills and qualifications for Metallurgical Engineering (Diploma).,"MVP seed — verify exact eligibility, fees, exam rules and local admissions before public launch.",2026-09-26
111,mining-engineering-diploma,E,Polytechnic / Diploma,Mining Engineering (Diploma),Mining Engineering (Diploma) is a structured career/education pathway that can lead from Class 10 to a job or higher study.,Students who are interested in this subject and are ready to build the required academic and practical skills.,10th → State Polytechnic/Diploma admission → Mining Engineering (Diploma) → Technician/Junior Technical role → lateral-entry degree or higher specialization,Depends on the exact qualification; check current eligibility before admission.,"State Polytechnic/Diploma entrance or merit-based admission, depending on state/institution.","Relevant certificate, diploma or degree programme.",Core theory plus practical/project work related to the field.,"Communication, problem-solving, digital literacy, teamwork and field-specific skills.",Specializations depend on the chosen institution and programme.,"Entry-level roles related to the qualification, with experience-based progression.","Advanced diploma, degree, PG study or professional certification as applicable.",Diploma Trainee/Technician → Technical Executive/Engineer where eligible → Senior → Supervisor/Lead → Manager or Entrepreneur.,Office/campus/lab/site/field/studio/service/workshop or mixed settings depending on the role.,Usually 3 years after Class 10,"Government polytechnics can be roughly ₹20,000–₹1,50,000 total; private diploma colleges can be ₹1,00,000–₹5,00,000+.","National Scholarship Portal (NSP), state scholarships, institution merit/need aid and eligible category-specific schemes; eligibility must be checked for the exact course and institute.","Engineering companies, infrastructure, manufacturing, labs, contractors, service firms and government technical roles where eligible.","Clear qualification pathway, multiple specialization choices and opportunities to build experience or move into leadership/entrepreneurship.","Admission competition, changing skill requirements and the need to choose a recognized course/institute carefully.",This is a step-by-step route to build skills and qualifications for Mining Engineering (Diploma).,"MVP seed — verify exact eligibility, fees, exam rules and local admissions before public launch.",2026-09-26
112,food-processing-technology-diploma,E,Polytechnic / Diploma,Food Processing Technology (Diploma),Food Processing Technology (Diploma) is a structured career/education pathway that can lead from Class 10 to a job or higher study.,Students who are interested in this subject and are ready to build the required academic and practical skills.,10th → State Polytechnic/Diploma admission → Food Processing Technology (Diploma) → Technician/Junior Technical role → lateral-entry degree or higher specialization,Depends on the exact qualification; check current eligibility before admission.,"State Polytechnic/Diploma entrance or merit-based admission, depending on state/institution.","Relevant certificate, diploma or degree programme.",Core theory plus practical/project work related to the field.,"Communication, problem-solving, digital literacy, teamwork and field-specific skills.",Specializations depend on the chosen institution and programme.,"Entry-level roles related to the qualification, with experience-based progression.","Advanced diploma, degree, PG study or professional certification as applicable.",Diploma Trainee/Technician → Technical Executive/Engineer where eligible → Senior → Supervisor/Lead → Manager or Entrepreneur.,Office/campus/lab/site/field/studio/service/workshop or mixed settings depending on the role.,Usually 3 years after Class 10,"Government polytechnics can be roughly ₹20,000–₹1,50,000 total; private diploma colleges can be ₹1,00,000–₹5,00,000+.","National Scholarship Portal (NSP), state scholarships, institution merit/need aid and eligible category-specific schemes; eligibility must be checked for the exact course and institute.","Engineering companies, infrastructure, manufacturing, labs, contractors, service firms and government technical roles where eligible.","Clear qualification pathway, multiple specialization choices and opportunities to build experience or move into leadership/entrepreneurship.","Admission competition, changing skill requirements and the need to choose a recognized course/institute carefully.",This is a step-by-step route to build skills and qualifications for Food Processing Technology (Diploma).,"MVP seed — verify exact eligibility, fees, exam rules and local admissions before public launch.",2026-09-26
113,dairy-technology-diploma,E,Polytechnic / Diploma,Dairy Technology (Diploma),"Dairy Technology (Diploma) focuses on using computing, digital systems or data to build and improve technology solutions.","Students who enjoy computers, logic, problem-solving, mathematics and learning new technology.",10th → State Polytechnic/Diploma admission → Dairy Technology (Diploma) → Technician/Junior Technical role → lateral-entry degree or higher specialization,MPC/Science is the strongest route for engineering; other computing degrees may accept different streams.,"State Polytechnic/Diploma entrance or merit-based admission, depending on state/institution.","Relevant degree/diploma/certificate in computing, IT, software, AI, data or cybersecurity.","Programming, databases, algorithms, computer systems, networking, mathematics/statistics and project work.","Logical thinking, coding or digital tools, problem-solving, communication and continuous learning.","AI/ML, cloud, cybersecurity, data, web/mobile, DevOps, automation or product technology.","Developer, IT Engineer, Data/AI role, Cloud/Support Engineer, Security Analyst or digital specialist.","M.Tech/M.S./MCA/MBA, advanced certifications, specialization or research.",Diploma Trainee/Technician → Technical Executive/Engineer where eligible → Senior → Supervisor/Lead → Manager or Entrepreneur.,Office/campus/lab/site/field/studio/service/workshop or mixed settings depending on the role.,Usually 3 years after Class 10,"Government polytechnics can be roughly ₹20,000–₹1,50,000 total; private diploma colleges can be ₹1,00,000–₹5,00,000+.","National Scholarship Portal (NSP), state scholarships, institution merit/need aid and eligible category-specific schemes; eligibility must be checked for the exact course and institute.","Engineering companies, infrastructure, manufacturing, labs, contractors, service firms and government technical roles where eligible.","Clear qualification pathway, multiple specialization choices and opportunities to build experience or move into leadership/entrepreneurship.","Admission competition, changing skill requirements and the need to choose a recognized course/institute carefully.","If you like technology and want to solve real problems using digital tools, Dairy Technology (Diploma) can be a good path.","MVP seed — verify exact eligibility, fees, exam rules and local admissions before public launch.",2026-09-26
114,textile-technology-diploma,E,Polytechnic / Diploma,Textile Technology (Diploma),Textile Technology (Diploma) is a structured career/education pathway that can lead from Class 10 to a job or higher study.,Students who are interested in this subject and are ready to build the required academic and practical skills.,10th → State Polytechnic/Diploma admission → Textile Technology (Diploma) → Technician/Junior Technical role → lateral-entry degree or higher specialization,Depends on the exact qualification; check current eligibility before admission.,"State Polytechnic/Diploma entrance or merit-based admission, depending on state/institution.","Relevant certificate, diploma or degree programme.",Core theory plus practical/project work related to the field.,"Communication, problem-solving, digital literacy, teamwork and field-specific skills.",Specializations depend on the chosen institution and programme.,"Entry-level roles related to the qualification, with experience-based progression.","Advanced diploma, degree, PG study or professional certification as applicable.",Diploma Trainee/Technician → Technical Executive/Engineer where eligible → Senior → Supervisor/Lead → Manager or Entrepreneur.,Office/campus/lab/site/field/studio/service/workshop or mixed settings depending on the role.,Usually 3 years after Class 10,"Government polytechnics can be roughly ₹20,000–₹1,50,000 total; private diploma colleges can be ₹1,00,000–₹5,00,000+.","National Scholarship Portal (NSP), state scholarships, institution merit/need aid and eligible category-specific schemes; eligibility must be checked for the exact course and institute.","Engineering companies, infrastructure, manufacturing, labs, contractors, service firms and government technical roles where eligible.","Clear qualification pathway, multiple specialization choices and opportunities to build experience or move into leadership/entrepreneurship.","Admission competition, changing skill requirements and the need to choose a recognized course/institute carefully.",This is a step-by-step route to build skills and qualifications for Textile Technology (Diploma).,"MVP seed — verify exact eligibility, fees, exam rules and local admissions before public launch.",2026-09-26
115,leather-technology-diploma,E,Polytechnic / Diploma,Leather Technology (Diploma),Leather Technology (Diploma) is a structured career/education pathway that can lead from Class 10 to a job or higher study.,Students who are interested in this subject and are ready to build the required academic and practical skills.,10th → State Polytechnic/Diploma admission → Leather Technology (Diploma) → Technician/Junior Technical role → lateral-entry degree or higher specialization,Depends on the exact qualification; check current eligibility before admission.,"State Polytechnic/Diploma entrance or merit-based admission, depending on state/institution.","Relevant certificate, diploma or degree programme.",Core theory plus practical/project work related to the field.,"Communication, problem-solving, digital literacy, teamwork and field-specific skills.",Specializations depend on the chosen institution and programme.,"Entry-level roles related to the qualification, with experience-based progression.","Advanced diploma, degree, PG study or professional certification as applicable.",Diploma Trainee/Technician → Technical Executive/Engineer where eligible → Senior → Supervisor/Lead → Manager or Entrepreneur.,Office/campus/lab/site/field/studio/service/workshop or mixed settings depending on the role.,Usually 3 years after Class 10,"Government polytechnics can be roughly ₹20,000–₹1,50,000 total; private diploma colleges can be ₹1,00,000–₹5,00,000+.","National Scholarship Portal (NSP), state scholarships, institution merit/need aid and eligible category-specific schemes; eligibility must be checked for the exact course and institute.","Engineering companies, infrastructure, manufacturing, labs, contractors, service firms and government technical roles where eligible.","Clear qualification pathway, multiple specialization choices and opportunities to build experience or move into leadership/entrepreneurship.","Admission competition, changing skill requirements and the need to choose a recognized course/institute carefully.",This is a step-by-step route to build skills and qualifications for Leather Technology (Diploma).,"MVP seed — verify exact eligibility, fees, exam rules and local admissions before public launch.",2026-09-26
116,printing-technology-diploma,E,Polytechnic / Diploma,Printing Technology (Diploma),Printing Technology (Diploma) is a structured career/education pathway that can lead from Class 10 to a job or higher study.,Students who are interested in this subject and are ready to build the required academic and practical skills.,10th → State Polytechnic/Diploma admission → Printing Technology (Diploma) → Technician/Junior Technical role → lateral-entry degree or higher specialization,Depends on the exact qualification; check current eligibility before admission.,"State Polytechnic/Diploma entrance or merit-based admission, depending on state/institution.","Relevant certificate, diploma or degree programme.",Core theory plus practical/project work related to the field.,"Communication, problem-solving, digital literacy, teamwork and field-specific skills.",Specializations depend on the chosen institution and programme.,"Entry-level roles related to the qualification, with experience-based progression.","Advanced diploma, degree, PG study or professional certification as applicable.",Diploma Trainee/Technician → Technical Executive/Engineer where eligible → Senior → Supervisor/Lead → Manager or Entrepreneur.,Office/campus/lab/site/field/studio/service/workshop or mixed settings depending on the role.,Usually 3 years after Class 10,"Government polytechnics can be roughly ₹20,000–₹1,50,000 total; private diploma colleges can be ₹1,00,000–₹5,00,000+.","National Scholarship Portal (NSP), state scholarships, institution merit/need aid and eligible category-specific schemes; eligibility must be checked for the exact course and institute.","Engineering companies, infrastructure, manufacturing, labs, contractors, service firms and government technical roles where eligible.","Clear qualification pathway, multiple specialization choices and opportunities to build experience or move into leadership/entrepreneurship.","Admission competition, changing skill requirements and the need to choose a recognized course/institute carefully.",This is a step-by-step route to build skills and qualifications for Printing Technology (Diploma).,"MVP seed — verify exact eligibility, fees, exam rules and local admissions before public launch.",2026-09-26
117,marine-engineering-diploma,E,Polytechnic / Diploma,Marine Engineering (Diploma),Marine Engineering (Diploma) is a structured career/education pathway that can lead from Class 10 to a job or higher study.,Students who are interested in this subject and are ready to build the required academic and practical skills.,10th → State Polytechnic/Diploma admission → Marine Engineering (Diploma) → Technician/Junior Technical role → lateral-entry degree or higher specialization,Depends on the exact qualification; check current eligibility before admission.,"State Polytechnic/Diploma entrance or merit-based admission, depending on state/institution.","Relevant certificate, diploma or degree programme.",Core theory plus practical/project work related to the field.,"Communication, problem-solving, digital literacy, teamwork and field-specific skills.",Specializations depend on the chosen institution and programme.,"Entry-level roles related to the qualification, with experience-based progression.","Advanced diploma, degree, PG study or professional certification as applicable.",Diploma Trainee/Technician → Technical Executive/Engineer where eligible → Senior → Supervisor/Lead → Manager or Entrepreneur.,Office/campus/lab/site/field/studio/service/workshop or mixed settings depending on the role.,Usually 3 years after Class 10,"Government polytechnics can be roughly ₹20,000–₹1,50,000 total; private diploma colleges can be ₹1,00,000–₹5,00,000+.","National Scholarship Portal (NSP), state scholarships, institution merit/need aid and eligible category-specific schemes; eligibility must be checked for the exact course and institute.","Engineering companies, infrastructure, manufacturing, labs, contractors, service firms and government technical roles where eligible.","Clear qualification pathway, multiple specialization choices and opportunities to build experience or move into leadership/entrepreneurship.","Admission competition, changing skill requirements and the need to choose a recognized course/institute carefully.",This is a step-by-step route to build skills and qualifications for Marine Engineering (Diploma).,"MVP seed — verify exact eligibility, fees, exam rules and local admissions before public launch.",2026-09-26
118,architectural-assistantship-diploma,E,Polytechnic / Diploma,Architectural Assistantship (Diploma),"Architectural Assistantship (Diploma) is related to planning, designing, constructing or maintaining buildings and physical spaces.","Students who enjoy drawing, construction, maths, design, planning and real-world projects.",10th → State Polytechnic/Diploma admission → Architectural Assistantship (Diploma) → Technician/Junior Technical role → lateral-entry degree or higher specialization,Science/Mathematics is common for engineering and architecture; diploma/ITI routes may start after Class 10.,"State Polytechnic/Diploma entrance or merit-based admission, depending on state/institution.",B.Tech/B.Arch/diploma/ITI or related design and construction qualifications.,"Maths, drawing/CAD, structures, surveying, construction methods, materials and safety.","Spatial thinking, technical drawing, planning, measurements, teamwork and site awareness.","Structures, construction management, BIM/CAD, urban planning, interiors or sustainable design.","Site/Design Engineer, CAD/BIM Technician, Architectural Assistant, Survey/Construction professional.","M.Tech/M.Arch/M.Plan/MBA, advanced CAD/BIM certifications or professional registration where applicable.",Diploma Trainee/Technician → Technical Executive/Engineer where eligible → Senior → Supervisor/Lead → Manager or Entrepreneur.,Office/campus/lab/site/field/studio/service/workshop or mixed settings depending on the role.,Usually 3 years after Class 10,"Government polytechnics can be roughly ₹20,000–₹1,50,000 total; private diploma colleges can be ₹1,00,000–₹5,00,000+.","National Scholarship Portal (NSP), state scholarships, institution merit/need aid and eligible category-specific schemes; eligibility must be checked for the exact course and institute.","Engineering companies, infrastructure, manufacturing, labs, contractors, service firms and government technical roles where eligible.","Clear qualification pathway, multiple specialization choices and opportunities to build experience or move into leadership/entrepreneurship.","Admission competition, changing skill requirements and the need to choose a recognized course/institute carefully.","If you like buildings, design and seeing projects become real, Architectural Assistantship (Diploma) can be a practical career direction.","MVP seed — verify exact eligibility, fees, exam rules and local admissions before public launch.",2026-09-26
119,hotel-management-diploma,E,Polytechnic / Diploma,Hotel Management (Diploma),"Hotel Management (Diploma) develops knowledge of business operations, customers, money, management, services or organizations.","Students who enjoy business, numbers, communication, organizing activities or working with people.",10th → State Polytechnic/Diploma admission → Hotel Management (Diploma) → Technician/Junior Technical role → lateral-entry degree or higher specialization,"Commerce is useful, but many programmes accept Humanities/Science depending on institution.","State Polytechnic/Diploma entrance or merit-based admission, depending on state/institution.",B.Com/BBA/BMS/BHM or relevant diploma/certificate/professional programme.,"Accounting, economics, management, marketing, finance, communication and business law as applicable.","Communication, numeracy, organization, sales/customer skills, teamwork and decision-making.","Finance, marketing, HR, operations, analytics, hospitality, logistics, retail or entrepreneurship.","Executive, Analyst, Accountant/Finance role, Sales/Marketing, Operations or Business Associate.",MBA/M.Com/professional qualification/certifications or specialization.,Diploma Trainee/Technician → Technical Executive/Engineer where eligible → Senior → Supervisor/Lead → Manager or Entrepreneur.,Office/campus/lab/site/field/studio/service/workshop or mixed settings depending on the role.,Usually 3 years after Class 10,"Government polytechnics can be roughly ₹20,000–₹1,50,000 total; private diploma colleges can be ₹1,00,000–₹5,00,000+.","National Scholarship Portal (NSP), state scholarships, institution merit/need aid and eligible category-specific schemes; eligibility must be checked for the exact course and institute.","Engineering companies, infrastructure, manufacturing, labs, contractors, service firms and government technical roles where eligible.","Clear qualification pathway, multiple specialization choices and opportunities to build experience or move into leadership/entrepreneurship.","Admission competition, changing skill requirements and the need to choose a recognized course/institute carefully.","This path teaches you how organizations, customers, money and operations work in Hotel Management (Diploma).","MVP seed — verify exact eligibility, fees, exam rules and local admissions before public launch.",2026-09-26
120,pharmacy-d-pharm,E,Polytechnic / Diploma,Pharmacy (D.Pharm),"Pharmacy (D.Pharm) prepares students for a healthcare, clinical, diagnostic or allied-health role.","Students interested in biology, health, helping people and careful practical work.",10th → State Polytechnic/Diploma admission → Pharmacy (D.Pharm) → Technician/Junior Technical role → lateral-entry degree or higher specialization,PCB/Science is commonly required for clinical and allied-health programmes; exact eligibility varies by course.,"State Polytechnic/Diploma entrance or merit-based admission, depending on state/institution.","Relevant medical/allied-health degree, diploma or certificate programme.","Biology, anatomy/physiology, chemistry or physics as applicable, diagnostics/clinical subjects and practical training.","Care, accuracy, communication, observation, discipline and practical/lab skills.","Clinical practice, diagnostics, rehabilitation, public health, laboratory or specialist areas depending on programme.","Healthcare professional/technician, assistant, therapist, laboratory or diagnostic role depending on qualification.","PG degree, specialization, professional registration where required, research or management.",Diploma Trainee/Technician → Technical Executive/Engineer where eligible → Senior → Supervisor/Lead → Manager or Entrepreneur.,Office/campus/lab/site/field/studio/service/workshop or mixed settings depending on the role.,Usually 3 years after Class 10,"Government polytechnics can be roughly ₹20,000–₹1,50,000 total; private diploma colleges can be ₹1,00,000–₹5,00,000+.","National Scholarship Portal (NSP), state scholarships, institution merit/need aid and eligible category-specific schemes; eligibility must be checked for the exact course and institute.","Engineering companies, infrastructure, manufacturing, labs, contractors, service firms and government technical roles where eligible.","Clear qualification pathway, multiple specialization choices and opportunities to build experience or move into leadership/entrepreneurship.","Admission competition, changing skill requirements and the need to choose a recognized course/institute carefully.",This path helps you build skills to work in healthcare and support patients or medical teams as a qualified Pharmacy (D.Pharm) professional.,"MVP seed — verify exact eligibility, fees, exam rules and local admissions before public launch.",2026-09-26
121,medical-lab-technology-diploma,E,Polytechnic / Diploma,Medical Lab Technology (Diploma),"Medical Lab Technology (Diploma) prepares students for a healthcare, clinical, diagnostic or allied-health role.","Students interested in biology, health, helping people and careful practical work.",10th → State Polytechnic/Diploma admission → Medical Lab Technology (Diploma) → Technician/Junior Technical role → lateral-entry degree or higher specialization,PCB/Science is commonly required for clinical and allied-health programmes; exact eligibility varies by course.,"State Polytechnic/Diploma entrance or merit-based admission, depending on state/institution.","Relevant medical/allied-health degree, diploma or certificate programme.","Biology, anatomy/physiology, chemistry or physics as applicable, diagnostics/clinical subjects and practical training.","Care, accuracy, communication, observation, discipline and practical/lab skills.","Clinical practice, diagnostics, rehabilitation, public health, laboratory or specialist areas depending on programme.","Healthcare professional/technician, assistant, therapist, laboratory or diagnostic role depending on qualification.","PG degree, specialization, professional registration where required, research or management.",Diploma Trainee/Technician → Technical Executive/Engineer where eligible → Senior → Supervisor/Lead → Manager or Entrepreneur.,Office/campus/lab/site/field/studio/service/workshop or mixed settings depending on the role.,Usually 3 years after Class 10,"Government polytechnics can be roughly ₹20,000–₹1,50,000 total; private diploma colleges can be ₹1,00,000–₹5,00,000+.","National Scholarship Portal (NSP), state scholarships, institution merit/need aid and eligible category-specific schemes; eligibility must be checked for the exact course and institute.","Engineering companies, infrastructure, manufacturing, labs, contractors, service firms and government technical roles where eligible.","Clear qualification pathway, multiple specialization choices and opportunities to build experience or move into leadership/entrepreneurship.","Admission competition, changing skill requirements and the need to choose a recognized course/institute carefully.",This path helps you build skills to work in healthcare and support patients or medical teams as a qualified Medical Lab Technology (Diploma) professional.,"MVP seed — verify exact eligibility, fees, exam rules and local admissions before public launch.",2026-09-26
122,radiography-diploma,E,Polytechnic / Diploma,Radiography (Diploma),Radiography (Diploma) is a structured career/education pathway that can lead from Class 10 to a job or higher study.,Students who are interested in this subject and are ready to build the required academic and practical skills.,10th → State Polytechnic/Diploma admission → Radiography (Diploma) → Technician/Junior Technical role → lateral-entry degree or higher specialization,Depends on the exact qualification; check current eligibility before admission.,"State Polytechnic/Diploma entrance or merit-based admission, depending on state/institution.","Relevant certificate, diploma or degree programme.",Core theory plus practical/project work related to the field.,"Communication, problem-solving, digital literacy, teamwork and field-specific skills.",Specializations depend on the chosen institution and programme.,"Entry-level roles related to the qualification, with experience-based progression.","Advanced diploma, degree, PG study or professional certification as applicable.",Diploma Trainee/Technician → Technical Executive/Engineer where eligible → Senior → Supervisor/Lead → Manager or Entrepreneur.,Office/campus/lab/site/field/studio/service/workshop or mixed settings depending on the role.,Usually 3 years after Class 10,"Government polytechnics can be roughly ₹20,000–₹1,50,000 total; private diploma colleges can be ₹1,00,000–₹5,00,000+.","National Scholarship Portal (NSP), state scholarships, institution merit/need aid and eligible category-specific schemes; eligibility must be checked for the exact course and institute.","Engineering companies, infrastructure, manufacturing, labs, contractors, service firms and government technical roles where eligible.","Clear qualification pathway, multiple specialization choices and opportunities to build experience or move into leadership/entrepreneurship.","Admission competition, changing skill requirements and the need to choose a recognized course/institute carefully.",This is a step-by-step route to build skills and qualifications for Radiography (Diploma).,"MVP seed — verify exact eligibility, fees, exam rules and local admissions before public launch.",2026-09-26
123,ai-data-science-diploma,E,Polytechnic / Diploma,AI & Data Science (Diploma),"AI & Data Science (Diploma) focuses on using computing, digital systems or data to build and improve technology solutions.","Students who enjoy computers, logic, problem-solving, mathematics and learning new technology.",10th → State Polytechnic/Diploma admission → AI & Data Science (Diploma) → Technician/Junior Technical role → lateral-entry degree or higher specialization,MPC/Science is the strongest route for engineering; other computing degrees may accept different streams.,"State Polytechnic/Diploma entrance or merit-based admission, depending on state/institution.","Relevant degree/diploma/certificate in computing, IT, software, AI, data or cybersecurity.","Programming, databases, algorithms, computer systems, networking, mathematics/statistics and project work.","Logical thinking, coding or digital tools, problem-solving, communication and continuous learning.","AI/ML, cloud, cybersecurity, data, web/mobile, DevOps, automation or product technology.","Developer, IT Engineer, Data/AI role, Cloud/Support Engineer, Security Analyst or digital specialist.","M.Tech/M.S./MCA/MBA, advanced certifications, specialization or research.",Diploma Trainee/Technician → Technical Executive/Engineer where eligible → Senior → Supervisor/Lead → Manager or Entrepreneur.,Office/campus/lab/site/field/studio/service/workshop or mixed settings depending on the role.,Usually 3 years after Class 10,"Government polytechnics can be roughly ₹20,000–₹1,50,000 total; private diploma colleges can be ₹1,00,000–₹5,00,000+.","National Scholarship Portal (NSP), state scholarships, institution merit/need aid and eligible category-specific schemes; eligibility must be checked for the exact course and institute.","Engineering companies, infrastructure, manufacturing, labs, contractors, service firms and government technical roles where eligible.","Clear qualification pathway, multiple specialization choices and opportunities to build experience or move into leadership/entrepreneurship.","Admission competition, changing skill requirements and the need to choose a recognized course/institute carefully.","If you like technology and want to solve real problems using digital tools, AI & Data Science (Diploma) can be a good path.","MVP seed — verify exact eligibility, fees, exam rules and local admissions before public launch.",2026-09-26
124,mechatronics-engineering-diploma,E,Polytechnic / Diploma,Mechatronics Engineering (Diploma),"Mechatronics Engineering (Diploma) deals with electrical/electronic systems, devices, controls, communication or automation.","Students who like gadgets, electricity, circuits, physics and hands-on troubleshooting.",10th → State Polytechnic/Diploma admission → Mechatronics Engineering (Diploma) → Technician/Junior Technical role → lateral-entry degree or higher specialization,MPC/Science for degree engineering; Class 10 can lead to relevant ITI/diploma routes.,"State Polytechnic/Diploma entrance or merit-based admission, depending on state/institution.","B.Tech/B.E., diploma, ITI or skill certification depending on the pathway.","Circuits, electronics, electrical machines, measurements, control, microcontrollers and safety.","Technical reasoning, measurement, debugging, safety, documentation and problem-solving.","Embedded systems, VLSI, IoT, automation, power, telecom or control systems.","Electronics/Electrical Technician or Engineer, Maintenance/Controls Engineer, Embedded Technician.","B.Tech lateral entry where eligible, M.Tech/M.S. or advanced technical certifications.",Diploma Trainee/Technician → Technical Executive/Engineer where eligible → Senior → Supervisor/Lead → Manager or Entrepreneur.,Office/campus/lab/site/field/studio/service/workshop or mixed settings depending on the role.,Usually 3 years after Class 10,"Government polytechnics can be roughly ₹20,000–₹1,50,000 total; private diploma colleges can be ₹1,00,000–₹5,00,000+.","National Scholarship Portal (NSP), state scholarships, institution merit/need aid and eligible category-specific schemes; eligibility must be checked for the exact course and institute.","Engineering companies, infrastructure, manufacturing, labs, contractors, service firms and government technical roles where eligible.","Clear qualification pathway, multiple specialization choices and opportunities to build experience or move into leadership/entrepreneurship.","Admission competition, changing skill requirements and the need to choose a recognized course/institute carefully.","This path teaches you how electrical and electronic systems work and how to install, test or improve them.","MVP seed — verify exact eligibility, fees, exam rules and local admissions before public launch.",2026-09-26
125,environmental-engineering-diploma,E,Polytechnic / Diploma,Environmental Engineering (Diploma),"Environmental Engineering (Diploma) applies science and practical methods to agriculture, food, biological systems, animals or the environment.","Students interested in biology, nature, food systems, research or sustainable development.",10th → State Polytechnic/Diploma admission → Environmental Engineering (Diploma) → Technician/Junior Technical role → lateral-entry degree or higher specialization,PCB/PCMB/Science is common; exact eligibility depends on the programme.,"State Polytechnic/Diploma entrance or merit-based admission, depending on state/institution.","Relevant B.Sc/B.Tech/professional degree, diploma or skill programme.","Biology, chemistry, agriculture/food/environment subjects, statistics and practical/lab work.","Observation, science basics, data handling, field/lab skills and problem-solving.","Research, biotechnology, food processing, agritech, animal science, sustainability or environmental management.","Technician, Research Assistant, Agritech/Food/Environment professional, Quality or Production role.","M.Sc/M.Tech/MBA, research, professional certification or specialization.",Diploma Trainee/Technician → Technical Executive/Engineer where eligible → Senior → Supervisor/Lead → Manager or Entrepreneur.,Office/campus/lab/site/field/studio/service/workshop or mixed settings depending on the role.,Usually 3 years after Class 10,"Government polytechnics can be roughly ₹20,000–₹1,50,000 total; private diploma colleges can be ₹1,00,000–₹5,00,000+.","National Scholarship Portal (NSP), state scholarships, institution merit/need aid and eligible category-specific schemes; eligibility must be checked for the exact course and institute.","Engineering companies, infrastructure, manufacturing, labs, contractors, service firms and government technical roles where eligible.","Clear qualification pathway, multiple specialization choices and opportunities to build experience or move into leadership/entrepreneurship.","Admission competition, changing skill requirements and the need to choose a recognized course/institute carefully.","This career uses science to solve real problems involving living systems, food, agriculture or the environment.","MVP seed — verify exact eligibility, fees, exam rules and local admissions before public launch.",2026-09-26
126,nios-academic,F,Alternative / Flexible Routes,NIOS (Academic),"NIOS (Academic) is a flexible route that can combine school, skills, work, higher education or entrepreneurship.","Students who need flexibility, want to combine study with skills/work, or prefer a non-traditional route.","10th → Choose flexible route → NIOS (Academic) → qualification/skill/experience → job, higher study or entrepreneurship",Depends on the next qualification; the route can be customized.,Usually no single national entrance; route-specific admission or certification rules apply.,"Open-school subjects, vocational courses, degree/diploma, apprenticeship or professional certification depending on route.","Depends on the selected qualification; add employability, digital and communication skills.","Self-learning, time management, communication, digital skills and practical career planning.","Flexible degree completion, skill stacking, freelancing, entrepreneurship, public service or emerging technology.","Depends on chosen qualification; can include skilled work, freelance, business, public service or professional roles.",Degree/diploma/professional certification/PG study according to the chosen route.,Starter → Skilled Worker/Professional → Senior → Lead/Manager/Specialist → Entrepreneur/Independent Professional.,Office/campus/lab/site/field/studio/service/workshop or mixed settings depending on the role.,Varies from weeks to several years,"₹0–₹5,00,000+ depending on route; open/skill routes can be low-cost while private degrees may be higher.","National Scholarship Portal (NSP), state scholarships, institution merit/need aid and eligible category-specific schemes; eligibility must be checked for the exact course and institute.","Government, private sector, freelance/creator economy, NGOs, startups and self-employment depending on the route.","Clear qualification pathway, multiple specialization choices and opportunities to build experience or move into leadership/entrepreneurship.","Admission competition, changing skill requirements and the need to choose a recognized course/institute carefully.",This route lets you combine education and skills in a way that fits your situation and long-term goal.,"MVP seed — verify exact eligibility, fees, exam rules and local admissions before public launch.",2026-09-26
127,nios-vocational,F,Alternative / Flexible Routes,NIOS (Vocational),"NIOS (Vocational) is a flexible route that can combine school, skills, work, higher education or entrepreneurship.","Students who need flexibility, want to combine study with skills/work, or prefer a non-traditional route.","10th → Choose flexible route → NIOS (Vocational) → qualification/skill/experience → job, higher study or entrepreneurship",Depends on the next qualification; the route can be customized.,Usually no single national entrance; route-specific admission or certification rules apply.,"Open-school subjects, vocational courses, degree/diploma, apprenticeship or professional certification depending on route.","Depends on the selected qualification; add employability, digital and communication skills.","Self-learning, time management, communication, digital skills and practical career planning.","Flexible degree completion, skill stacking, freelancing, entrepreneurship, public service or emerging technology.","Depends on chosen qualification; can include skilled work, freelance, business, public service or professional roles.",Degree/diploma/professional certification/PG study according to the chosen route.,Starter → Skilled Worker/Professional → Senior → Lead/Manager/Specialist → Entrepreneur/Independent Professional.,Office/campus/lab/site/field/studio/service/workshop or mixed settings depending on the role.,Varies from weeks to several years,"₹0–₹5,00,000+ depending on route; open/skill routes can be low-cost while private degrees may be higher.","National Scholarship Portal (NSP), state scholarships, institution merit/need aid and eligible category-specific schemes; eligibility must be checked for the exact course and institute.","Government, private sector, freelance/creator economy, NGOs, startups and self-employment depending on the route.","Clear qualification pathway, multiple specialization choices and opportunities to build experience or move into leadership/entrepreneurship.","Admission competition, changing skill requirements and the need to choose a recognized course/institute carefully.",This route lets you combine education and skills in a way that fits your situation and long-term goal.,"MVP seed — verify exact eligibility, fees, exam rules and local admissions before public launch.",2026-09-26
128,state-open-school,F,Alternative / Flexible Routes,State Open School,"State Open School is a flexible route that can combine school, skills, work, higher education or entrepreneurship.","Students who need flexibility, want to combine study with skills/work, or prefer a non-traditional route.","10th → Choose flexible route → State Open School → qualification/skill/experience → job, higher study or entrepreneurship",Depends on the next qualification; the route can be customized.,Usually no single national entrance; route-specific admission or certification rules apply.,"Open-school subjects, vocational courses, degree/diploma, apprenticeship or professional certification depending on route.","Depends on the selected qualification; add employability, digital and communication skills.","Self-learning, time management, communication, digital skills and practical career planning.","Flexible degree completion, skill stacking, freelancing, entrepreneurship, public service or emerging technology.","Depends on chosen qualification; can include skilled work, freelance, business, public service or professional roles.",Degree/diploma/professional certification/PG study according to the chosen route.,Starter → Skilled Worker/Professional → Senior → Lead/Manager/Specialist → Entrepreneur/Independent Professional.,Office/campus/lab/site/field/studio/service/workshop or mixed settings depending on the role.,Varies from weeks to several years,"₹0–₹5,00,000+ depending on route; open/skill routes can be low-cost while private degrees may be higher.","National Scholarship Portal (NSP), state scholarships, institution merit/need aid and eligible category-specific schemes; eligibility must be checked for the exact course and institute.","Government, private sector, freelance/creator economy, NGOs, startups and self-employment depending on the route.","Clear qualification pathway, multiple specialization choices and opportunities to build experience or move into leadership/entrepreneurship.","Admission competition, changing skill requirements and the need to choose a recognized course/institute carefully.",This route lets you combine education and skills in a way that fits your situation and long-term goal.,"MVP seed — verify exact eligibility, fees, exam rules and local admissions before public launch.",2026-09-26
129,online-learning-platforms,F,Alternative / Flexible Routes,Online Learning Platforms,"Online Learning Platforms is a flexible route that can combine school, skills, work, higher education or entrepreneurship.","Students who need flexibility, want to combine study with skills/work, or prefer a non-traditional route.","10th → Choose flexible route → Online Learning Platforms → qualification/skill/experience → job, higher study or entrepreneurship",Depends on the next qualification; the route can be customized.,Usually no single national entrance; route-specific admission or certification rules apply.,"Open-school subjects, vocational courses, degree/diploma, apprenticeship or professional certification depending on route.","Depends on the selected qualification; add employability, digital and communication skills.","Self-learning, time management, communication, digital skills and practical career planning.","Flexible degree completion, skill stacking, freelancing, entrepreneurship, public service or emerging technology.","Depends on chosen qualification; can include skilled work, freelance, business, public service or professional roles.",Degree/diploma/professional certification/PG study according to the chosen route.,Starter → Skilled Worker/Professional → Senior → Lead/Manager/Specialist → Entrepreneur/Independent Professional.,Office/campus/lab/site/field/studio/service/workshop or mixed settings depending on the role.,Varies from weeks to several years,"₹0–₹5,00,000+ depending on route; open/skill routes can be low-cost while private degrees may be higher.","National Scholarship Portal (NSP), state scholarships, institution merit/need aid and eligible category-specific schemes; eligibility must be checked for the exact course and institute.","Government, private sector, freelance/creator economy, NGOs, startups and self-employment depending on the route.","Clear qualification pathway, multiple specialization choices and opportunities to build experience or move into leadership/entrepreneurship.","Admission competition, changing skill requirements and the need to choose a recognized course/institute carefully.",This route lets you combine education and skills in a way that fits your situation and long-term goal.,"MVP seed — verify exact eligibility, fees, exam rules and local admissions before public launch.",2026-09-26
130,open-school-skill-course,F,Alternative / Flexible Routes,Open School + Skill Course,"Open School + Skill Course is a flexible route that can combine school, skills, work, higher education or entrepreneurship.","Students who need flexibility, want to combine study with skills/work, or prefer a non-traditional route.","10th → Choose flexible route → Open School + Skill Course → qualification/skill/experience → job, higher study or entrepreneurship",Depends on the next qualification; the route can be customized.,Usually no single national entrance; route-specific admission or certification rules apply.,"Open-school subjects, vocational courses, degree/diploma, apprenticeship or professional certification depending on route.","Depends on the selected qualification; add employability, digital and communication skills.","Self-learning, time management, communication, digital skills and practical career planning.","Flexible degree completion, skill stacking, freelancing, entrepreneurship, public service or emerging technology.","Depends on chosen qualification; can include skilled work, freelance, business, public service or professional roles.",Degree/diploma/professional certification/PG study according to the chosen route.,Starter → Skilled Worker/Professional → Senior → Lead/Manager/Specialist → Entrepreneur/Independent Professional.,Office/campus/lab/site/field/studio/service/workshop or mixed settings depending on the role.,Varies from weeks to several years,"₹0–₹5,00,000+ depending on route; open/skill routes can be low-cost while private degrees may be higher.","National Scholarship Portal (NSP), state scholarships, institution merit/need aid and eligible category-specific schemes; eligibility must be checked for the exact course and institute.","Government, private sector, freelance/creator economy, NGOs, startups and self-employment depending on the route.","Clear qualification pathway, multiple specialization choices and opportunities to build experience or move into leadership/entrepreneurship.","Admission competition, changing skill requirements and the need to choose a recognized course/institute carefully.",This route lets you combine education and skills in a way that fits your situation and long-term goal.,"MVP seed — verify exact eligibility, fees, exam rules and local admissions before public launch.",2026-09-26
131,regular-school-skill-subject,F,Alternative / Flexible Routes,Regular School + Skill Subject,"Regular School + Skill Subject is a flexible route that can combine school, skills, work, higher education or entrepreneurship.","Students who need flexibility, want to combine study with skills/work, or prefer a non-traditional route.","10th → Choose flexible route → Regular School + Skill Subject → qualification/skill/experience → job, higher study or entrepreneurship",Depends on the next qualification; the route can be customized.,Usually no single national entrance; route-specific admission or certification rules apply.,"Open-school subjects, vocational courses, degree/diploma, apprenticeship or professional certification depending on route.","Depends on the selected qualification; add employability, digital and communication skills.","Self-learning, time management, communication, digital skills and practical career planning.","Flexible degree completion, skill stacking, freelancing, entrepreneurship, public service or emerging technology.","Depends on chosen qualification; can include skilled work, freelance, business, public service or professional roles.",Degree/diploma/professional certification/PG study according to the chosen route.,Starter → Skilled Worker/Professional → Senior → Lead/Manager/Specialist → Entrepreneur/Independent Professional.,Office/campus/lab/site/field/studio/service/workshop or mixed settings depending on the role.,Varies from weeks to several years,"₹0–₹5,00,000+ depending on route; open/skill routes can be low-cost while private degrees may be higher.","National Scholarship Portal (NSP), state scholarships, institution merit/need aid and eligible category-specific schemes; eligibility must be checked for the exact course and institute.","Government, private sector, freelance/creator economy, NGOs, startups and self-employment depending on the route.","Clear qualification pathway, multiple specialization choices and opportunities to build experience or move into leadership/entrepreneurship.","Admission competition, changing skill requirements and the need to choose a recognized course/institute carefully.",This route lets you combine education and skills in a way that fits your situation and long-term goal.,"MVP seed — verify exact eligibility, fees, exam rules and local admissions before public launch.",2026-09-26
132,regular-school-nsqf-vocational,F,Alternative / Flexible Routes,Regular School + NSQF Vocational,"Regular School + NSQF Vocational is a flexible route that can combine school, skills, work, higher education or entrepreneurship.","Students who need flexibility, want to combine study with skills/work, or prefer a non-traditional route.","10th → Choose flexible route → Regular School + NSQF Vocational → qualification/skill/experience → job, higher study or entrepreneurship",Depends on the next qualification; the route can be customized.,Usually no single national entrance; route-specific admission or certification rules apply.,"Open-school subjects, vocational courses, degree/diploma, apprenticeship or professional certification depending on route.","Depends on the selected qualification; add employability, digital and communication skills.","Self-learning, time management, communication, digital skills and practical career planning.","Flexible degree completion, skill stacking, freelancing, entrepreneurship, public service or emerging technology.","Depends on chosen qualification; can include skilled work, freelance, business, public service or professional roles.",Degree/diploma/professional certification/PG study according to the chosen route.,Starter → Skilled Worker/Professional → Senior → Lead/Manager/Specialist → Entrepreneur/Independent Professional.,Office/campus/lab/site/field/studio/service/workshop or mixed settings depending on the role.,Varies from weeks to several years,"₹0–₹5,00,000+ depending on route; open/skill routes can be low-cost while private degrees may be higher.","National Scholarship Portal (NSP), state scholarships, institution merit/need aid and eligible category-specific schemes; eligibility must be checked for the exact course and institute.","Government, private sector, freelance/creator economy, NGOs, startups and self-employment depending on the route.","Clear qualification pathway, multiple specialization choices and opportunities to build experience or move into leadership/entrepreneurship.","Admission competition, changing skill requirements and the need to choose a recognized course/institute carefully.",This route lets you combine education and skills in a way that fits your situation and long-term goal.,"MVP seed — verify exact eligibility, fees, exam rules and local admissions before public launch.",2026-09-26
133,nios-higher-education,F,Alternative / Flexible Routes,NIOS + Higher Education,"NIOS + Higher Education is a flexible route that can combine school, skills, work, higher education or entrepreneurship.","Students who need flexibility, want to combine study with skills/work, or prefer a non-traditional route.","10th → Choose flexible route → NIOS + Higher Education → qualification/skill/experience → job, higher study or entrepreneurship",Depends on the next qualification; the route can be customized.,Usually no single national entrance; route-specific admission or certification rules apply.,"Open-school subjects, vocational courses, degree/diploma, apprenticeship or professional certification depending on route.","Depends on the selected qualification; add employability, digital and communication skills.","Self-learning, time management, communication, digital skills and practical career planning.","Flexible degree completion, skill stacking, freelancing, entrepreneurship, public service or emerging technology.","Depends on chosen qualification; can include skilled work, freelance, business, public service or professional roles.",Degree/diploma/professional certification/PG study according to the chosen route.,Starter → Skilled Worker/Professional → Senior → Lead/Manager/Specialist → Entrepreneur/Independent Professional.,Office/campus/lab/site/field/studio/service/workshop or mixed settings depending on the role.,Varies from weeks to several years,"₹0–₹5,00,000+ depending on route; open/skill routes can be low-cost while private degrees may be higher.","National Scholarship Portal (NSP), state scholarships, institution merit/need aid and eligible category-specific schemes; eligibility must be checked for the exact course and institute.","Government, private sector, freelance/creator economy, NGOs, startups and self-employment depending on the route.","Clear qualification pathway, multiple specialization choices and opportunities to build experience or move into leadership/entrepreneurship.","Admission competition, changing skill requirements and the need to choose a recognized course/institute carefully.",This route lets you combine education and skills in a way that fits your situation and long-term goal.,"MVP seed — verify exact eligibility, fees, exam rules and local admissions before public launch.",2026-09-26
134,vocational-bridge-course,F,Alternative / Flexible Routes,Vocational + Bridge Course,"Vocational + Bridge Course is a flexible route that can combine school, skills, work, higher education or entrepreneurship.","Students who need flexibility, want to combine study with skills/work, or prefer a non-traditional route.","10th → Choose flexible route → Vocational + Bridge Course → qualification/skill/experience → job, higher study or entrepreneurship",Depends on the next qualification; the route can be customized.,Usually no single national entrance; route-specific admission or certification rules apply.,"Open-school subjects, vocational courses, degree/diploma, apprenticeship or professional certification depending on route.","Depends on the selected qualification; add employability, digital and communication skills.","Self-learning, time management, communication, digital skills and practical career planning.","Flexible degree completion, skill stacking, freelancing, entrepreneurship, public service or emerging technology.","Depends on chosen qualification; can include skilled work, freelance, business, public service or professional roles.",Degree/diploma/professional certification/PG study according to the chosen route.,Starter → Skilled Worker/Professional → Senior → Lead/Manager/Specialist → Entrepreneur/Independent Professional.,Office/campus/lab/site/field/studio/service/workshop or mixed settings depending on the role.,Varies from weeks to several years,"₹0–₹5,00,000+ depending on route; open/skill routes can be low-cost while private degrees may be higher.","National Scholarship Portal (NSP), state scholarships, institution merit/need aid and eligible category-specific schemes; eligibility must be checked for the exact course and institute.","Government, private sector, freelance/creator economy, NGOs, startups and self-employment depending on the route.","Clear qualification pathway, multiple specialization choices and opportunities to build experience or move into leadership/entrepreneurship.","Admission competition, changing skill requirements and the need to choose a recognized course/institute carefully.",This route lets you combine education and skills in a way that fits your situation and long-term goal.,"MVP seed — verify exact eligibility, fees, exam rules and local admissions before public launch.",2026-09-26
135,school-to-work-pathway,F,Alternative / Flexible Routes,School-to-Work Pathway,"School-to-Work Pathway is a flexible route that can combine school, skills, work, higher education or entrepreneurship.","Students who need flexibility, want to combine study with skills/work, or prefer a non-traditional route.","10th → Choose flexible route → School-to-Work Pathway → qualification/skill/experience → job, higher study or entrepreneurship",Depends on the next qualification; the route can be customized.,Usually no single national entrance; route-specific admission or certification rules apply.,"Open-school subjects, vocational courses, degree/diploma, apprenticeship or professional certification depending on route.","Depends on the selected qualification; add employability, digital and communication skills.","Self-learning, time management, communication, digital skills and practical career planning.","Flexible degree completion, skill stacking, freelancing, entrepreneurship, public service or emerging technology.","Depends on chosen qualification; can include skilled work, freelance, business, public service or professional roles.",Degree/diploma/professional certification/PG study according to the chosen route.,Starter → Skilled Worker/Professional → Senior → Lead/Manager/Specialist → Entrepreneur/Independent Professional.,Office/campus/lab/site/field/studio/service/workshop or mixed settings depending on the role.,Varies from weeks to several years,"₹0–₹5,00,000+ depending on route; open/skill routes can be low-cost while private degrees may be higher.","National Scholarship Portal (NSP), state scholarships, institution merit/need aid and eligible category-specific schemes; eligibility must be checked for the exact course and institute.","Government, private sector, freelance/creator economy, NGOs, startups and self-employment depending on the route.","Clear qualification pathway, multiple specialization choices and opportunities to build experience or move into leadership/entrepreneurship.","Admission competition, changing skill requirements and the need to choose a recognized course/institute carefully.",This route lets you combine education and skills in a way that fits your situation and long-term goal.,"MVP seed — verify exact eligibility, fees, exam rules and local admissions before public launch.",2026-09-26
136,distance-learning-degree,F,Alternative / Flexible Routes,Distance Learning (Degree),"Distance Learning (Degree) is a flexible route that can combine school, skills, work, higher education or entrepreneurship.","Students who need flexibility, want to combine study with skills/work, or prefer a non-traditional route.","10th → Choose flexible route → Distance Learning (Degree) → qualification/skill/experience → job, higher study or entrepreneurship",Depends on the next qualification; the route can be customized.,Usually no single national entrance; route-specific admission or certification rules apply.,"Open-school subjects, vocational courses, degree/diploma, apprenticeship or professional certification depending on route.","Depends on the selected qualification; add employability, digital and communication skills.","Self-learning, time management, communication, digital skills and practical career planning.","Flexible degree completion, skill stacking, freelancing, entrepreneurship, public service or emerging technology.","Depends on chosen qualification; can include skilled work, freelance, business, public service or professional roles.",Degree/diploma/professional certification/PG study according to the chosen route.,Starter → Skilled Worker/Professional → Senior → Lead/Manager/Specialist → Entrepreneur/Independent Professional.,Office/campus/lab/site/field/studio/service/workshop or mixed settings depending on the role.,Varies from weeks to several years,"₹0–₹5,00,000+ depending on route; open/skill routes can be low-cost while private degrees may be higher.","National Scholarship Portal (NSP), state scholarships, institution merit/need aid and eligible category-specific schemes; eligibility must be checked for the exact course and institute.","Government, private sector, freelance/creator economy, NGOs, startups and self-employment depending on the route.","Clear qualification pathway, multiple specialization choices and opportunities to build experience or move into leadership/entrepreneurship.","Admission competition, changing skill requirements and the need to choose a recognized course/institute carefully.",This route lets you combine education and skills in a way that fits your situation and long-term goal.,"MVP seed — verify exact eligibility, fees, exam rules and local admissions before public launch.",2026-09-26
137,part-time-degree,F,Alternative / Flexible Routes,Part-time Degree,"Part-time Degree is a flexible route that can combine school, skills, work, higher education or entrepreneurship.","Students who need flexibility, want to combine study with skills/work, or prefer a non-traditional route.","10th → Choose flexible route → Part-time Degree → qualification/skill/experience → job, higher study or entrepreneurship",Depends on the next qualification; the route can be customized.,Usually no single national entrance; route-specific admission or certification rules apply.,"Open-school subjects, vocational courses, degree/diploma, apprenticeship or professional certification depending on route.","Depends on the selected qualification; add employability, digital and communication skills.","Self-learning, time management, communication, digital skills and practical career planning.","Flexible degree completion, skill stacking, freelancing, entrepreneurship, public service or emerging technology.","Depends on chosen qualification; can include skilled work, freelance, business, public service or professional roles.",Degree/diploma/professional certification/PG study according to the chosen route.,Starter → Skilled Worker/Professional → Senior → Lead/Manager/Specialist → Entrepreneur/Independent Professional.,Office/campus/lab/site/field/studio/service/workshop or mixed settings depending on the role.,Varies from weeks to several years,"₹0–₹5,00,000+ depending on route; open/skill routes can be low-cost while private degrees may be higher.","National Scholarship Portal (NSP), state scholarships, institution merit/need aid and eligible category-specific schemes; eligibility must be checked for the exact course and institute.","Government, private sector, freelance/creator economy, NGOs, startups and self-employment depending on the route.","Clear qualification pathway, multiple specialization choices and opportunities to build experience or move into leadership/entrepreneurship.","Admission competition, changing skill requirements and the need to choose a recognized course/institute carefully.",This route lets you combine education and skills in a way that fits your situation and long-term goal.,"MVP seed — verify exact eligibility, fees, exam rules and local admissions before public launch.",2026-09-26
138,career-gap-year-skill-experience,F,Alternative / Flexible Routes,Career Gap Year (Skill + Experience),"Career Gap Year (Skill + Experience) is a flexible route that can combine school, skills, work, higher education or entrepreneurship.","Students who need flexibility, want to combine study with skills/work, or prefer a non-traditional route.","10th → Choose flexible route → Career Gap Year (Skill + Experience) → qualification/skill/experience → job, higher study or entrepreneurship",Depends on the next qualification; the route can be customized.,Usually no single national entrance; route-specific admission or certification rules apply.,"Open-school subjects, vocational courses, degree/diploma, apprenticeship or professional certification depending on route.","Depends on the selected qualification; add employability, digital and communication skills.","Self-learning, time management, communication, digital skills and practical career planning.","Flexible degree completion, skill stacking, freelancing, entrepreneurship, public service or emerging technology.","Depends on chosen qualification; can include skilled work, freelance, business, public service or professional roles.",Degree/diploma/professional certification/PG study according to the chosen route.,Starter → Skilled Worker/Professional → Senior → Lead/Manager/Specialist → Entrepreneur/Independent Professional.,Office/campus/lab/site/field/studio/service/workshop or mixed settings depending on the role.,Varies from weeks to several years,"₹0–₹5,00,000+ depending on route; open/skill routes can be low-cost while private degrees may be higher.","National Scholarship Portal (NSP), state scholarships, institution merit/need aid and eligible category-specific schemes; eligibility must be checked for the exact course and institute.","Government, private sector, freelance/creator economy, NGOs, startups and self-employment depending on the route.","Clear qualification pathway, multiple specialization choices and opportunities to build experience or move into leadership/entrepreneurship.","Admission competition, changing skill requirements and the need to choose a recognized course/institute carefully.",This route lets you combine education and skills in a way that fits your situation and long-term goal.,"MVP seed — verify exact eligibility, fees, exam rules and local admissions before public launch.",2026-09-26
139,entrepreneurship-start-business,F,Alternative / Flexible Routes,Entrepreneurship (Start Business),"Entrepreneurship (Start Business) develops knowledge of business operations, customers, money, management, services or organizations.","Students who enjoy business, numbers, communication, organizing activities or working with people.","10th → Choose flexible route → Entrepreneurship (Start Business) → qualification/skill/experience → job, higher study or entrepreneurship","Commerce is useful, but many programmes accept Humanities/Science depending on institution.",Usually no single national entrance; route-specific admission or certification rules apply.,B.Com/BBA/BMS/BHM or relevant diploma/certificate/professional programme.,"Accounting, economics, management, marketing, finance, communication and business law as applicable.","Communication, numeracy, organization, sales/customer skills, teamwork and decision-making.","Finance, marketing, HR, operations, analytics, hospitality, logistics, retail or entrepreneurship.","Executive, Analyst, Accountant/Finance role, Sales/Marketing, Operations or Business Associate.",MBA/M.Com/professional qualification/certifications or specialization.,Starter → Skilled Worker/Professional → Senior → Lead/Manager/Specialist → Entrepreneur/Independent Professional.,Office/campus/lab/site/field/studio/service/workshop or mixed settings depending on the role.,Varies from weeks to several years,"₹0–₹5,00,000+ depending on route; open/skill routes can be low-cost while private degrees may be higher.","National Scholarship Portal (NSP), state scholarships, institution merit/need aid and eligible category-specific schemes; eligibility must be checked for the exact course and institute.","Government, private sector, freelance/creator economy, NGOs, startups and self-employment depending on the route.","Clear qualification pathway, multiple specialization choices and opportunities to build experience or move into leadership/entrepreneurship.","Admission competition, changing skill requirements and the need to choose a recognized course/institute carefully.","This path teaches you how organizations, customers, money and operations work in Entrepreneurship (Start Business).","MVP seed — verify exact eligibility, fees, exam rules and local admissions before public launch.",2026-09-26
140,freelancing-remote-work,F,Alternative / Flexible Routes,Freelancing (Remote Work),"Freelancing (Remote Work) is a flexible route that can combine school, skills, work, higher education or entrepreneurship.","Students who need flexibility, want to combine study with skills/work, or prefer a non-traditional route.","10th → Choose flexible route → Freelancing (Remote Work) → qualification/skill/experience → job, higher study or entrepreneurship",Depends on the next qualification; the route can be customized.,Usually no single national entrance; route-specific admission or certification rules apply.,"Open-school subjects, vocational courses, degree/diploma, apprenticeship or professional certification depending on route.","Depends on the selected qualification; add employability, digital and communication skills.","Self-learning, time management, communication, digital skills and practical career planning.","Flexible degree completion, skill stacking, freelancing, entrepreneurship, public service or emerging technology.","Depends on chosen qualification; can include skilled work, freelance, business, public service or professional roles.",Degree/diploma/professional certification/PG study according to the chosen route.,Starter → Skilled Worker/Professional → Senior → Lead/Manager/Specialist → Entrepreneur/Independent Professional.,Office/campus/lab/site/field/studio/service/workshop or mixed settings depending on the role.,Varies from weeks to several years,"₹0–₹5,00,000+ depending on route; open/skill routes can be low-cost while private degrees may be higher.","National Scholarship Portal (NSP), state scholarships, institution merit/need aid and eligible category-specific schemes; eligibility must be checked for the exact course and institute.","Government, private sector, freelance/creator economy, NGOs, startups and self-employment depending on the route.","Clear qualification pathway, multiple specialization choices and opportunities to build experience or move into leadership/entrepreneurship.","Admission competition, changing skill requirements and the need to choose a recognized course/institute carefully.",This route lets you combine education and skills in a way that fits your situation and long-term goal.,"MVP seed — verify exact eligibility, fees, exam rules and local admissions before public launch.",2026-09-26
141,competitive-exams-government-jobs,F,Alternative / Flexible Routes,Competitive Exams (Government Jobs),"Competitive Exams (Government Jobs) is a flexible route that can combine school, skills, work, higher education or entrepreneurship.","Students who need flexibility, want to combine study with skills/work, or prefer a non-traditional route.","10th → Choose flexible route → Competitive Exams (Government Jobs) → qualification/skill/experience → job, higher study or entrepreneurship",Depends on the next qualification; the route can be customized.,Recruitment-specific exams such as SSC/State PSC/UPSC or other notified examinations; eligibility varies.,"Open-school subjects, vocational courses, degree/diploma, apprenticeship or professional certification depending on route.","Depends on the selected qualification; add employability, digital and communication skills.","Self-learning, time management, communication, digital skills and practical career planning.","Flexible degree completion, skill stacking, freelancing, entrepreneurship, public service or emerging technology.","Depends on chosen qualification; can include skilled work, freelance, business, public service or professional roles.",Degree/diploma/professional certification/PG study according to the chosen route.,Starter → Skilled Worker/Professional → Senior → Lead/Manager/Specialist → Entrepreneur/Independent Professional.,Office/campus/lab/site/field/studio/service/workshop or mixed settings depending on the role.,Varies from weeks to several years,"₹0–₹5,00,000+ depending on route; open/skill routes can be low-cost while private degrees may be higher.","National Scholarship Portal (NSP), state scholarships, institution merit/need aid and eligible category-specific schemes; eligibility must be checked for the exact course and institute.","Government, private sector, freelance/creator economy, NGOs, startups and self-employment depending on the route.","Clear qualification pathway, multiple specialization choices and opportunities to build experience or move into leadership/entrepreneurship.","Admission competition, changing skill requirements and the need to choose a recognized course/institute carefully.",This route lets you combine education and skills in a way that fits your situation and long-term goal.,"MVP seed — verify exact eligibility, fees, exam rules and local admissions before public launch.",2026-09-26
142,defence-services-army-navy-air-force,F,Alternative / Flexible Routes,Defence Services (Army/Navy/Air Force),"Defence Services (Army/Navy/Air Force) focuses on using computing, digital systems or data to build and improve technology solutions.","Students who enjoy computers, logic, problem-solving, mathematics and learning new technology.","10th → Choose flexible route → Defence Services (Army/Navy/Air Force) → qualification/skill/experience → job, higher study or entrepreneurship",MPC/Science is the strongest route for engineering; other computing degrees may accept different streams.,NDA/other defence recruitment routes; eligibility and selection stages vary by service.,"Relevant degree/diploma/certificate in computing, IT, software, AI, data or cybersecurity.","Programming, databases, algorithms, computer systems, networking, mathematics/statistics and project work.","Logical thinking, coding or digital tools, problem-solving, communication and continuous learning.","AI/ML, cloud, cybersecurity, data, web/mobile, DevOps, automation or product technology.","Developer, IT Engineer, Data/AI role, Cloud/Support Engineer, Security Analyst or digital specialist.","M.Tech/M.S./MCA/MBA, advanced certifications, specialization or research.",Starter → Skilled Worker/Professional → Senior → Lead/Manager/Specialist → Entrepreneur/Independent Professional.,Office/campus/lab/site/field/studio/service/workshop or mixed settings depending on the role.,Varies from weeks to several years,"₹0–₹5,00,000+ depending on route; open/skill routes can be low-cost while private degrees may be higher.","National Scholarship Portal (NSP), state scholarships, institution merit/need aid and eligible category-specific schemes; eligibility must be checked for the exact course and institute. Service-specific welfare/scholarship schemes may apply to eligible beneficiaries.","Government, private sector, freelance/creator economy, NGOs, startups and self-employment depending on the route.","Clear qualification pathway, multiple specialization choices and opportunities to build experience or move into leadership/entrepreneurship.","Admission competition, changing skill requirements and the need to choose a recognized course/institute carefully.","If you like technology and want to solve real problems using digital tools, Defence Services (Army/Navy/Air Force) can be a good path.","MVP seed — verify exact eligibility, fees, exam rules and local admissions before public launch.",2026-09-26
143,paramilitary-forces-capf-ssb,F,Alternative / Flexible Routes,Paramilitary Forces (CAPF/SSB),"Paramilitary Forces (CAPF/SSB) is a flexible route that can combine school, skills, work, higher education or entrepreneurship.","Students who need flexibility, want to combine study with skills/work, or prefer a non-traditional route.","10th → Choose flexible route → Paramilitary Forces (CAPF/SSB) → qualification/skill/experience → job, higher study or entrepreneurship",Depends on the next qualification; the route can be customized.,Recruitment-specific CAPF/other notified examinations and physical/medical standards.,"Open-school subjects, vocational courses, degree/diploma, apprenticeship or professional certification depending on route.","Depends on the selected qualification; add employability, digital and communication skills.","Self-learning, time management, communication, digital skills and practical career planning.","Flexible degree completion, skill stacking, freelancing, entrepreneurship, public service or emerging technology.","Depends on chosen qualification; can include skilled work, freelance, business, public service or professional roles.",Degree/diploma/professional certification/PG study according to the chosen route.,Starter → Skilled Worker/Professional → Senior → Lead/Manager/Specialist → Entrepreneur/Independent Professional.,Office/campus/lab/site/field/studio/service/workshop or mixed settings depending on the role.,Varies from weeks to several years,"₹0–₹5,00,000+ depending on route; open/skill routes can be low-cost while private degrees may be higher.","National Scholarship Portal (NSP), state scholarships, institution merit/need aid and eligible category-specific schemes; eligibility must be checked for the exact course and institute. Service-specific welfare/scholarship schemes may apply to eligible beneficiaries.","Government, private sector, freelance/creator economy, NGOs, startups and self-employment depending on the route.","Clear qualification pathway, multiple specialization choices and opportunities to build experience or move into leadership/entrepreneurship.","Admission competition, changing skill requirements and the need to choose a recognized course/institute carefully.",This route lets you combine education and skills in a way that fits your situation and long-term goal.,"MVP seed — verify exact eligibility, fees, exam rules and local admissions before public launch.",2026-09-26
144,creative-arts-music-dance-acting,F,Alternative / Flexible Routes,Creative Arts (Music/Dance/Acting),"Creative Arts (Music/Dance/Acting) is a creative career focused on visual communication, storytelling, design, performance or digital media.","Students who enjoy drawing, making things, storytelling, fashion, media, design or performance.","10th → Choose flexible route → Creative Arts (Music/Dance/Acting) → qualification/skill/experience → job, higher study or entrepreneurship",Often open to multiple streams; portfolio and aptitude can matter more than a particular stream.,Usually no single national entrance; route-specific admission or certification rules apply.,"Certificate/diploma/degree in design, media, fine arts, animation or a related discipline.","Design principles, software/tools, visual communication, portfolio work and project practice.","Creativity, portfolio building, communication, software/tool proficiency and client understanding.","Branding, UX/UI, animation, VFX, fashion, interiors, illustration, film or content.","Designer, Animator, Editor, Content/Media professional, Art/Creative Associate or Freelancer.","PG design/media/arts programme, specialist certifications or professional portfolio development.",Starter → Skilled Worker/Professional → Senior → Lead/Manager/Specialist → Entrepreneur/Independent Professional.,Office/campus/lab/site/field/studio/service/workshop or mixed settings depending on the role.,Varies from weeks to several years,"₹0–₹5,00,000+ depending on route; open/skill routes can be low-cost while private degrees may be higher.","National Scholarship Portal (NSP), state scholarships, institution merit/need aid and eligible category-specific schemes; eligibility must be checked for the exact course and institute.","Government, private sector, freelance/creator economy, NGOs, startups and self-employment depending on the route.","Clear qualification pathway, multiple specialization choices and opportunities to build experience or move into leadership/entrepreneurship.","Admission competition, changing skill requirements and the need to choose a recognized course/institute carefully.","If you enjoy creating and expressing ideas, Creative Arts (Music/Dance/Acting) can turn creativity into a professional skill.","MVP seed — verify exact eligibility, fees, exam rules and local admissions before public launch.",2026-09-26
145,sports-career-player-coach,F,Alternative / Flexible Routes,Sports Career (Player/Coach),"Sports Career (Player/Coach) connects physical activity, performance, coaching, fitness or wellness with professional opportunities.","Students who enjoy sports, exercise, discipline, teamwork and healthy lifestyles.","10th → Choose flexible route → Sports Career (Player/Coach) → qualification/skill/experience → job, higher study or entrepreneurship",Any stream can work for many routes; specific degree/academy rules vary.,Usually no single national entrance; route-specific admission or certification rules apply.,"B.P.Ed/B.Sc/B.A. related programme, coaching certification or specialized fitness course.","Exercise science, anatomy, training methods, nutrition basics, psychology and practical training.","Fitness, discipline, coaching, communication, observation and leadership.","Professional sport, coaching, strength & conditioning, fitness, sports management or wellness.","Athlete, Coach, Fitness Trainer, Sports Instructor, Sports Operations professional.",M.P.Ed/M.Sc Sports Science/MBA Sports Management or advanced coaching certification.,Starter → Skilled Worker/Professional → Senior → Lead/Manager/Specialist → Entrepreneur/Independent Professional.,Office/campus/lab/site/field/studio/service/workshop or mixed settings depending on the role.,Varies from weeks to several years,"₹0–₹5,00,000+ depending on route; open/skill routes can be low-cost while private degrees may be higher.","National Scholarship Portal (NSP), state scholarships, institution merit/need aid and eligible category-specific schemes; eligibility must be checked for the exact course and institute.","Government, private sector, freelance/creator economy, NGOs, startups and self-employment depending on the route.","Clear qualification pathway, multiple specialization choices and opportunities to build experience or move into leadership/entrepreneurship.","Admission competition, changing skill requirements and the need to choose a recognized course/institute carefully.","This path turns your interest in sport, fitness or wellness into a structured career.","MVP seed — verify exact eligibility, fees, exam rules and local admissions before public launch.",2026-09-26
146,content-creation-youtube-media,F,Alternative / Flexible Routes,Content Creation (YouTube/Media),"Content Creation (YouTube/Media) is a creative career focused on visual communication, storytelling, design, performance or digital media.","Students who enjoy drawing, making things, storytelling, fashion, media, design or performance.","10th → Choose flexible route → Content Creation (YouTube/Media) → qualification/skill/experience → job, higher study or entrepreneurship",Often open to multiple streams; portfolio and aptitude can matter more than a particular stream.,Usually no single national entrance; route-specific admission or certification rules apply.,"Certificate/diploma/degree in design, media, fine arts, animation or a related discipline.","Design principles, software/tools, visual communication, portfolio work and project practice.","Creativity, portfolio building, communication, software/tool proficiency and client understanding.","Branding, UX/UI, animation, VFX, fashion, interiors, illustration, film or content.","Designer, Animator, Editor, Content/Media professional, Art/Creative Associate or Freelancer.","PG design/media/arts programme, specialist certifications or professional portfolio development.",Starter → Skilled Worker/Professional → Senior → Lead/Manager/Specialist → Entrepreneur/Independent Professional.,Office/campus/lab/site/field/studio/service/workshop or mixed settings depending on the role.,Varies from weeks to several years,"₹0–₹5,00,000+ depending on route; open/skill routes can be low-cost while private degrees may be higher.","National Scholarship Portal (NSP), state scholarships, institution merit/need aid and eligible category-specific schemes; eligibility must be checked for the exact course and institute.","Government, private sector, freelance/creator economy, NGOs, startups and self-employment depending on the route.","Clear qualification pathway, multiple specialization choices and opportunities to build experience or move into leadership/entrepreneurship.","Admission competition, changing skill requirements and the need to choose a recognized course/institute carefully.","If you enjoy creating and expressing ideas, Content Creation (YouTube/Media) can turn creativity into a professional skill.","MVP seed — verify exact eligibility, fees, exam rules and local admissions before public launch.",2026-09-26
147,social-work-ngo,F,Alternative / Flexible Routes,Social Work & NGO,"Social Work & NGO studies people, society, language, public systems, ideas, culture or social behaviour.","Students who like reading, writing, communication, society, history, people and critical thinking.","10th → Choose flexible route → Social Work & NGO → qualification/skill/experience → job, higher study or entrepreneurship",Humanities/Arts is a natural route; many universities also accept other streams.,Usually no single national entrance; route-specific admission or certification rules apply.,BA or integrated professional programme relevant to the field.,"Core subject theory, research methods, communication, social science and project work.","Reading, writing, communication, research, critical thinking and presentation.","Research, policy, media, education, counselling, public administration, social development or law-related areas.","Research Assistant, Content/Media professional, Policy/Administrative roles, Educator or Social-sector professional.","MA, MSW, MBA, LLB/LLM where eligible, NET/PhD or professional certifications.",Starter → Skilled Worker/Professional → Senior → Lead/Manager/Specialist → Entrepreneur/Independent Professional.,Office/campus/lab/site/field/studio/service/workshop or mixed settings depending on the role.,Varies from weeks to several years,"₹0–₹5,00,000+ depending on route; open/skill routes can be low-cost while private degrees may be higher.","National Scholarship Portal (NSP), state scholarships, institution merit/need aid and eligible category-specific schemes; eligibility must be checked for the exact course and institute.","Government, private sector, freelance/creator economy, NGOs, startups and self-employment depending on the route.","Clear qualification pathway, multiple specialization choices and opportunities to build experience or move into leadership/entrepreneurship.","Admission competition, changing skill requirements and the need to choose a recognized course/institute carefully.","This path helps you understand people, society and ideas and turn that knowledge into a career.","MVP seed — verify exact eligibility, fees, exam rules and local admissions before public launch.",2026-09-26
148,emerging-careers-ev-green-energy-drone,F,Alternative / Flexible Routes,Emerging Careers (EV/Green Energy/Drone),"Emerging Careers (EV/Green Energy/Drone) is a flexible route that can combine school, skills, work, higher education or entrepreneurship.","Students who need flexibility, want to combine study with skills/work, or prefer a non-traditional route.","10th → Choose flexible route → Emerging Careers (EV/Green Energy/Drone) → qualification/skill/experience → job, higher study or entrepreneurship",Depends on the next qualification; the route can be customized.,Usually no single national entrance; route-specific admission or certification rules apply.,"Open-school subjects, vocational courses, degree/diploma, apprenticeship or professional certification depending on route.","Depends on the selected qualification; add employability, digital and communication skills.","Self-learning, time management, communication, digital skills and practical career planning.","Flexible degree completion, skill stacking, freelancing, entrepreneurship, public service or emerging technology.","Depends on chosen qualification; can include skilled work, freelance, business, public service or professional roles.",Degree/diploma/professional certification/PG study according to the chosen route.,Starter → Skilled Worker/Professional → Senior → Lead/Manager/Specialist → Entrepreneur/Independent Professional.,Office/campus/lab/site/field/studio/service/workshop or mixed settings depending on the role.,Varies from weeks to several years,"₹0–₹5,00,000+ depending on route; open/skill routes can be low-cost while private degrees may be higher.","National Scholarship Portal (NSP), state scholarships, institution merit/need aid and eligible category-specific schemes; eligibility must be checked for the exact course and institute.","Government, private sector, freelance/creator economy, NGOs, startups and self-employment depending on the route.","Clear qualification pathway, multiple specialization choices and opportunities to build experience or move into leadership/entrepreneurship.","Admission competition, changing skill requirements and the need to choose a recognized course/institute carefully.",This route lets you combine education and skills in a way that fits your situation and long-term goal.,"MVP seed — verify exact eligibility, fees, exam rules and local admissions before public launch.",2026-09-26
149,apprenticeship-skill-certification,F,Alternative / Flexible Routes,Apprenticeship + Skill Certification,"Apprenticeship + Skill Certification is a flexible route that can combine school, skills, work, higher education or entrepreneurship.","Students who need flexibility, want to combine study with skills/work, or prefer a non-traditional route.","10th → Choose flexible route → Apprenticeship + Skill Certification → qualification/skill/experience → job, higher study or entrepreneurship",Depends on the next qualification; the route can be customized.,Usually no single national entrance; route-specific admission or certification rules apply.,"Open-school subjects, vocational courses, degree/diploma, apprenticeship or professional certification depending on route.","Depends on the selected qualification; add employability, digital and communication skills.","Self-learning, time management, communication, digital skills and practical career planning.","Flexible degree completion, skill stacking, freelancing, entrepreneurship, public service or emerging technology.","Depends on chosen qualification; can include skilled work, freelance, business, public service or professional roles.",Degree/diploma/professional certification/PG study according to the chosen route.,Starter → Skilled Worker/Professional → Senior → Lead/Manager/Specialist → Entrepreneur/Independent Professional.,Office/campus/lab/site/field/studio/service/workshop or mixed settings depending on the role.,Varies from weeks to several years,"₹0–₹5,00,000+ depending on route; open/skill routes can be low-cost while private degrees may be higher.","National Scholarship Portal (NSP), state scholarships, institution merit/need aid and eligible category-specific schemes; eligibility must be checked for the exact course and institute.","Government, private sector, freelance/creator economy, NGOs, startups and self-employment depending on the route.","Clear qualification pathway, multiple specialization choices and opportunities to build experience or move into leadership/entrepreneurship.","Admission competition, changing skill requirements and the need to choose a recognized course/institute carefully.",This route lets you combine education and skills in a way that fits your situation and long-term goal.,"MVP seed — verify exact eligibility, fees, exam rules and local admissions before public launch.",2026-09-26
150,community-college-skill-diploma,F,Alternative / Flexible Routes,Community College / Skill Diploma,"Community College / Skill Diploma is a flexible route that can combine school, skills, work, higher education or entrepreneurship.","Students who need flexibility, want to combine study with skills/work, or prefer a non-traditional route.","10th → Choose flexible route → Community College / Skill Diploma → qualification/skill/experience → job, higher study or entrepreneurship",Depends on the next qualification; the route can be customized.,Usually no single national entrance; route-specific admission or certification rules apply.,"Open-school subjects, vocational courses, degree/diploma, apprenticeship or professional certification depending on route.","Depends on the selected qualification; add employability, digital and communication skills.","Self-learning, time management, communication, digital skills and practical career planning.","Flexible degree completion, skill stacking, freelancing, entrepreneurship, public service or emerging technology.","Depends on chosen qualification; can include skilled work, freelance, business, public service or professional roles.",Degree/diploma/professional certification/PG study according to the chosen route.,Starter → Skilled Worker/Professional → Senior → Lead/Manager/Specialist → Entrepreneur/Independent Professional.,Office/campus/lab/site/field/studio/service/workshop or mixed settings depending on the role.,Varies from weeks to several years,"₹0–₹5,00,000+ depending on route; open/skill routes can be low-cost while private degrees may be higher.","National Scholarship Portal (NSP), state scholarships, institution merit/need aid and eligible category-specific schemes; eligibility must be checked for the exact course and institute.","Government, private sector, freelance/creator economy, NGOs, startups and self-employment depending on the route.","Clear qualification pathway, multiple specialization choices and opportunities to build experience or move into leadership/entrepreneurship.","Admission competition, changing skill requirements and the need to choose a recognized course/institute carefully.",This route lets you combine education and skills in a way that fits your situation and long-term goal.,"MVP seed — verify exact eligibility, fees, exam rules and local admissions before public launch.",2026-09-26
